"GenusSpecies","degree","normalised.degree","species.strength","interaction.push.pull","nestedrank","PDI","resource.range","species.specificity.index","PSI","node.specialisation.index.NSI","betweenness","weighted.betweenness","closeness","weighted.closeness","Fisher.alpha","partner.diversity","effective.partners","proportional.generality","proportional.similarity","d","r.degree"
"Agapostemon angelicus",32,0.316831683168317,3.75191000703662,0.0859971877198945,0.00452488687782805,0.963134328358209,0.69,0.315803475222929,0.120420476565396,1.15384615384615,0.0295170008244606,0.0525449566284889,0.00615180483097615,0.00730890408511102,NA,2.63775515468589,13.9817814154553,0.433514886854613,0.584894531877414,0.187836225126004,42.0833333333333
"Allograpta exotica",2,0.0198019801980198,0.0261206605999326,-0.486939669700034,0.53393665158371,0.99,0.99,0.703562363973514,0.0130603302999663,1.94117647058824,0.00100664999262625,0,0.00361870872410362,0.0005370443941105,NA,0.693147180559945,2,0.0620113952540283,0.0213586881631528,0.344237131999403,3
"Allograpta obliqua",7,0.0693069306930693,0.133182668236287,-0.123831047394816,0.248868778280543,0.965,0.94,0.389998417217428,0.0210250408261863,1.52488687782805,0.00768094513423511,0,0.00491541268357408,0.00140424756358788,NA,1.88915916375402,6.61380521524019,0.205065644667707,0.133112856552294,0.30803180840579,13.25
"Andrena apacheorum",29,0.287128712871287,4.49584460595362,0.120546365722539,0.0226244343891403,0.9428,0.72,0.271282333203602,0.224793576883617,1.22171945701357,0.0209792254321913,0.0171597393662228,0.00592563553571967,0.00621937877714285,NA,2.80265896118799,16.4884306326096,0.511235294538691,0.448187956455836,0.350942290593154,34.0625
"Andrena argemonis",3,0.0297029702970297,0.0451585463487162,-0.318280484550428,0.425339366515837,0.98,0.98,0.571547606649408,0.0150528487829054,1.79638009049774,0.000174136269209435,0,0.00401073550254817,0.000771500881392795,NA,1.09861228866811,3,0.0930170928810425,0.0607689127738735,0.297080841585398,6
"Andrena birtwelli",3,0.0297029702970297,0.0368878479747488,-0.321037384008417,0.389140271493213,0.997,0.98,0.785821094715208,0.0135039687590316,1.57466063348416,0.00077100053988426,0,0.004749555200386,0.00256597508901267,NA,0.687092027379972,1.98792628462815,0.0616370412859743,0.143998897616095,0.25132643777758,3.5
"Andrena costillensis",5,0.0495049504950495,0.0628996053154076,-0.187420078936918,0.330316742081448,0.99,0.96,0.552833609687399,0.0157989586009339,1.52488687782805,0.00253726436657475,0,0.00491541268357408,0.00177774072266403,NA,1.38629436111989,4,0.124022790508057,0.203941022461072,0.260477152692924,11
"Andrena segregans",1,0.0099009900990099,0.00131578947368421,-0.998684210526316,0.683257918552036,1,1,1,0.00131578947368421,1.68325791855204,0,0,0.00438768432797563,0.000279618371694073,NA,0,1,0.0310056976270142,0.104726470993523,0,1
"Andrena sp. 1",2,0.0198019801980198,0.00374887949801511,-0.498125560250992,0.538461538461538,0.99,0.99,0.703562363973514,0.00187443974900756,1.57466063348416,0.000946291934588218,0,0.004749555200386,0.000540196864711959,NA,0.693147180559945,2,0.0620113952540283,0.161361444122916,0.0450943219582119,3
"Andrena sp. 2",1,0.0099009900990099,0.0133333333333333,-0.986666666666667,0.687782805429864,1,1,1,0.0133333333333333,1.89140271493213,0,0,0.0037242543952233,0.000279668412405266,NA,0,1,0.0310056976270142,0.010334849111203,0.34912093291424,1
"Anthidium maculosum",11,0.108910891089109,1.61265148950969,0.0556955899554266,0.144796380090498,0.98,0.9,0.427810965523585,0.173571978604706,1.4841628959276,0.00285634569040754,0,0.00505111426072796,0.00361202480612136,NA,1.9773424629431,7.22352068059081,0.223970298024882,0.230508474576271,0.432855180444015,20
"Anthidium tenuiflorae",1,0.0099009900990099,0.0285714285714286,-0.971428571428571,0.692307692307692,1,1,1,0.0285714285714286,2.02714932126697,0,0,0.00339253942884714,0.000279136856269137,NA,0,1,0.0310056976270142,0.00482292958522806,0.464016676230756,1
"Anthophora californica",3,0.0297029702970297,0.074088074720334,-0.308637308426555,0.429864253393665,0.98,0.98,0.571547606649408,0.024696024906778,1.73303167420814,0.00143456726656402,0,0.00423187881346562,0.000770988226577091,NA,1.09861228866811,3,0.0930170928810425,0.0618712966790685,0.328723638883317,6
"Anthophora marginata",1,0.0099009900990099,0.25,-0.75,0.69683257918552,1,1,1,0.25,2.13574660633484,0,0,0.00321160399264196,0.00027904652764666,NA,0,1,0.0310056976270142,0.000551191952597492,0.791010430893135,1
"Anthophora montana",29,0.287128712871287,4.68864016702342,0.127194488518049,0.0180995475113122,0.961041666666667,0.72,0.333302065833953,0.223500819098493,1.21266968325792,0.0304307139470753,0.0293347902923361,0.00595579144175387,0.00687393652363916,NA,2.47875494286961,11.9264061130783,0.36978654171908,0.289697108294559,0.447944170626506,93
"Anthophora terminalis",13,0.128712871287129,1.6628528851594,0.0509886834738004,0.117647058823529,0.991739130434783,0.88,0.561440486161386,0.152840150606972,1.65158371040724,0.00349728527415584,0,0.00449322999909532,0.00429602043596433,NA,1.75655719315647,5.79246070284062,0.179599285068638,0.119825193409319,0.543141283029977,19.125
"Anthophora urbana",12,0.118811881188119,0.824858368332428,-0.0145951359722977,0.122171945701357,0.982941176470588,0.89,0.429819498757661,0.0490921195418586,1.52941176470588,0.00733828934049241,0,0.00490033473055698,0.00449957618728765,NA,2.0150423864638,7.50104531725064,0.232575142993204,0.203356878815656,0.331944422855508,14
"Apis mellifera",31,0.306930693069307,4.59736149280677,0.116043919122799,0.00904977375565611,0.96635593220339,0.7,0.360951706484644,0.365575521618641,1.24886877828054,0.0545579560889946,0.106358007203853,0.00583516781761708,0.00743150695491052,NA,2.35449253731928,10.532782511225,0.326576269714145,0.382632102114998,0.463747862071656,51.1666666666667
"Arctophila flagrans",4,0.0396039603960396,0.0280616429002906,-0.242984589274927,0.352941176470588,0.9875,0.97,0.571547606649408,0.00723927333715185,1.52488687782805,0.00196124858593649,0,0.00491541268357408,0.00195861458380813,NA,1.21488965394912,3.36992218619932,0.104486788331863,0.202563042579578,0.170787062491084,5
"Asemosyrphus crandialli",1,0.0099009900990099,0.00373134328358209,-0.996268656716418,0.701357466063348,1,1,1,0.00373134328358209,1.89592760180995,0,0,0.00367902053617201,0.000279511688401027,NA,0,1,0.0310056976270142,0.036929860824032,0.157135747854344,1
"Asemosyrphus polygrammus",3,0.0297029702970297,0.18531914893617,-0.271560283687943,0.434389140271493,0.98,0.98,0.571547606649408,0.0617730496453901,1.76470588235294,0.000385537448423177,0,0.00411628117366786,0.000776643699706194,NA,1.09861228866811,3,0.0930170928810425,0.0370676588121813,0.427408995170948,6
"Belllardi bellardi",3,0.0297029702970297,0.112809108361369,-0.295730297212877,0.384615384615385,0.9988,0.98,0.895325160406622,0.0360414850778083,1.69230769230769,0.000651008781568059,0,0.00435752842194144,0.00398729973265821,NA,0.408697725074314,1.50485677126045,0.0466591340216664,0.108447016673557,0.369848588974102,3.5
"Blera confusa",1,0.0099009900990099,0.00133868808567604,-0.998661311914324,0.705882352941177,1,1,1,0.00133868808567604,1.64253393665158,0,0,0.00452338590512952,0.000279781538459976,NA,0,1,0.0310056976270142,0.102935097147582,0.00260099802551275,1
"Bombus appositus",1,0.0099009900990099,0.3,-0.7,0.624434389140271,1,1,1,0.3,2.04072398190045,0,0,0.00334730556979584,0.000779820699952186,NA,0,1,0.0310056976270142,0.00137797988149373,0.817714737818592,1
"Bombus bifarius",16,0.158415841584158,2.40921085623455,0.0880756785146594,0.085972850678733,0.986739130434783,0.85,0.498385900228263,0.141623651582715,1.38914027149321,0.0062283824819011,0.0117770852725727,0.00536775127408703,0.00617783835422729,NA,1.85210388722903,6.373213950917,0.197605944674401,0.297836829152388,0.383792086500115,40.5
"Bombus centralis",26,0.257425742574257,2.26050058953017,0.0484807919050065,0.0407239819004525,0.982222222222222,0.75,0.410460987454621,0.137379177483897,1.24886877828054,0.0230037310947492,0.00630449543800954,0.00583516781761708,0.00657676586099007,NA,2.31057963694192,10.0802658564367,0.312545675144593,0.387595425106793,0.343590394850169,38
"Bombus fervidus",8,0.0792079207920792,0.478735041447377,-0.0651581198190778,0.221719457013575,0.9775,0.93,0.404120785740421,0.116186166959818,1.56561085972851,0.00347669051083066,0,0.00477971110642019,0.00177641846881479,NA,1.92512119079082,6.8559794971307,0.212574427225043,0.168145345077962,0.436505270784661,14.25
"Bombus flavifrons",29,0.287128712871287,4.27809052763116,0.113037604401074,0.0271493212669683,0.945333333333333,0.72,0.245581638488541,0.221398753983559,1.28054298642534,0.0190295838885926,0.00296787945013288,0.00572962214649739,0.00557719596036692,NA,2.97404709128564,19.5709650180979,0.606811423620015,0.41995144396665,0.365478423895998,43.4
"Bombus huntii",30,0.297029702970297,4.35481737502677,0.111827245834226,0.0135746606334842,0.981396396396396,0.71,0.432696015294437,0.313471896420083,1.20361990950226,0.023540790623715,0.216216763122749,0.00598594734778806,0.00773363053269159,NA,2.08816670639611,8.07010671930762,0.250219288756587,0.386481691855488,0.411561708496282,42.5
"Bombus morrisoni",8,0.0792079207920792,0.150422335673269,-0.106197208040841,0.217194570135747,0.9675,0.93,0.4015540744912,0.023511570411867,1.42533936651584,0.00589802116865799,0,0.00524712764995024,0.00302950529786152,NA,1.90542004311014,6.72223066136956,0.208427451265468,0.311666626137847,0.218690813206504,16
"Bombus nevadensis",5,0.0495049504950495,0.407350041916057,-0.118529991616789,0.294117647058824,0.99375,0.96,0.6858189506977,0.174325076498937,1.5972850678733,0.00287272250175649,0,0.0046741654353005,0.00508580509915795,NA,0.938719433840127,2.55670529085174,0.0792724311695364,0.0806277228352466,0.601591906797665,7
"Bombus occidentalis",3,0.0297029702970297,0.0818581686051566,-0.306047277131614,0.438914027149321,0.98,0.98,0.571547606649408,0.0272860562017188,1.60633484162896,0.000386945320926224,0,0.00464400952926631,0.000768250786863838,NA,1.09861228866811,3,0.0930170928810425,0.120022047678104,0.295692637785347,6
"Bombus rufocinctus",14,0.138613861386139,1.78883877213534,0.0563456265810958,0.108597285067873,0.993150684931507,0.87,0.610844556965307,0.175381921068013,1.4027149321267,0.00738174375358847,0.0115410039526758,0.00532251741503574,0.00645981697587269,NA,1.54210994185321,4.67444267557424,0.144934356173666,0.271462036654265,0.455170411169343,20.25
"Bombus sonorus",13,0.128712871287129,3.26062528294686,0.173894252534374,0.113122171945701,0.981666666666667,0.88,0.429925156438197,0.329794093300679,1.74660633484163,0.00587539482471356,0.00285321138046866,0.00417659298573626,0.00482972458682506,NA,1.99716450113828,7.36813411492168,0.228454138442549,0.0638004685131597,0.693128925189028,19.25
"Calliopsis teucrii",1,0.0099009900990099,0.0024330900243309,-0.997566909975669,0.710407239819005,1,1,1,0.0024330900243309,1.76923076923077,0,0,0.00410120322065076,0.000279655080709934,NA,0,1,0.0310056976270142,0.0566349731293923,0.0926723516995614,1
"Ceratina nanula a",1,0.0099009900990099,0.05,-0.95,0.714932126696833,1,1,1,0.05,2.02262443438914,0,0,0.00342772131922037,0.000278961832518181,NA,0,1,0.0310056976270142,0.00275595976298746,0.548381054869318,1
"Chamaesyrphus willistoni",5,0.0495049504950495,0.205900046078818,-0.158819990784236,0.312217194570136,0.995,0.96,0.690142229034202,0.0895106330492127,1.57466063348416,0.000993866052000279,0,0.004749555200386,0.00298178987431515,NA,1.05066527659281,2.85955287899081,0.0886624319144469,0.108194387028616,0.504187879426211,8
"Cheilosia sp. a",7,0.0693069306930693,0.966650220193047,-0.00476425425813608,0.230769230769231,0.996333333333333,0.94,0.742615840616188,0.643906853072283,1.38914027149321,0.016803248484145,0.00853939859970051,0.00536775127408703,0.00536139734999458,NA,0.981199767888684,2.66765488940286,0.082712500874051,0.176588121813422,0.728884407721763,7.16666666666667
"Chrysotoxum sp. a",17,0.168316831683168,2.95765890634356,0.115156406255504,0.0723981900452489,0.985660377358491,0.84,0.462491300710596,0.385825593801844,1.41176470588235,0.00869917006329916,1.34903611369676e-05,0.00529236150900154,0.0058223287728817,NA,2.01033938862154,7.46585074218421,0.231483910640583,0.221217044649753,0.599183328498337,21.1666666666667
"Coelioxys sodalis",1,0.0099009900990099,0.00131578947368421,-0.998684210526316,0.719457013574661,1,1,1,0.00131578947368421,1.68325791855204,0,0,0.00438768432797563,0.000279618371694073,NA,0,1,0.0310056976270142,0.104726470993523,0,1
"Colletes compactus",2,0.0198019801980198,0.512522361359571,-0.243738819320215,0.46606334841629,0.990909090909091,0.99,0.704375698556213,0.250149075730471,1.92307692307692,0.000747292968382048,0.00588179745571789,0.00367902053617201,0.00338839207431895,NA,0.692012964831874,1.99773285450294,0.0619411008262702,0.0154333746727298,0.720694139277372,2
"Colletes eulophi",2,0.0198019801980198,0.00937753446877534,-0.495311232765612,0.542986425339366,0.99,0.99,0.703562363973514,0.00468876723438767,1.70588235294118,0.000477313894727603,0,0.00431229456289014,0.000539669108294016,NA,0.693147180559945,2,0.0620113952540283,0.076477883422902,0.17064771988327,3
"Colletes gilensis",4,0.0396039603960396,0.0162253886820268,-0.245943652829493,0.366515837104072,0.98,0.97,0.520149551144241,0.00385518244385067,1.56108597285068,0.000879038763048235,0,0.00479478905943729,0.0014237329370157,NA,1.32966134885476,3.77976314968462,0.117194193320852,0.233843185889486,0.109185629441383,5
"Colletes lutzi lutzi",1,0.0099009900990099,0.0024330900243309,-0.997566909975669,0.723981900452489,1,1,1,0.0024330900243309,1.76923076923077,0,0,0.00410120322065076,0.000279655080709934,NA,0,1,0.0310056976270142,0.0566349731293923,0.0926723516995614,1
"Colletes nigrifrons",6,0.0594059405940594,0.262646876659654,-0.122892187223391,0.266968325791855,0.985,0.95,0.492442890089805,0.0473976995483216,1.54298642533937,0.00189422234077332,0,0.00485510087150568,0.00331463785019052,NA,1.55711309805765,4.74510280626355,0.147125222820104,0.12468650957696,0.394154000696936,7
"Colletes phaceliae",2,0.0198019801980198,0.211111111111111,-0.394444444444444,0.547511312217195,0.99,0.99,0.703562363973514,0.105555555555556,1.95927601809955,8.89638098182936e-05,0,0.00349808509996683,0.000280062116089081,NA,0.693147180559945,2,0.0620113952540283,0.00261816177483809,0.660375923897569,3
"Colletes skinneri",4,0.0396039603960396,0.328480466561862,-0.167879883359535,0.357466063348416,0.992,0.97,0.613631167621514,0.122437729511373,1.75113122171946,0.00184301970887354,0,0.00416151503271916,0.00177350983021365,NA,1.14905969697062,3.15522464708129,0.0978299413527048,0.0897064902852418,0.517573212199825,6
"Colletes slevini",3,0.0297029702970297,0.0306318137603412,-0.323122728746553,0.393665158371041,0.9925,0.98,0.650274667242345,0.0117555402526326,1.55656108597285,0.00508584977267333,0,0.00480986701245439,0.00158772728652169,NA,0.955699891112534,2.60049000598966,0.0806300068077877,0.148546231225024,0.243988356793834,3.5
"Colletes sp. 1",1,0.0099009900990099,0.00531914893617021,-0.99468085106383,0.728506787330317,1,1,1,0.00531914893617021,1.82805429864253,0,0,0.00391524180010655,0.000279651328529205,NA,0,1,0.0310056976270142,0.0259060217720821,0.210584865554182,1
"Colletes sp. 2",1,0.0099009900990099,0.0909090909090909,-0.909090909090909,0.733031674208145,1,1,1,0.0909090909090909,2.01357466063348,0,0,0.00338751344450811,0.000279915758389103,NA,0,1,0.0310056976270142,0.0015157778696431,0.638507438333163,1
"Colletes sp. 3",1,0.0099009900990099,0.00694444444444444,-0.993055555555556,0.737556561085973,1,1,1,0.00694444444444444,1.85067873303167,0,0,0.00382980006634299,0.000279478796179684,NA,0,1,0.0310056976270142,0.0198429102935097,0.250780231710017,1
"Colletes wootoni",2,0.0198019801980198,0.00672759964039556,-0.496636200179802,0.552036199095023,0.99,0.99,0.703562363973514,0.00336379982019778,1.6606334841629,0.000701142090714026,0,0.00446307409306113,0.000539481449343252,NA,0.693147180559945,2,0.0620113952540283,0.123742593358137,0.109263700655175,3
"Copestylum anna",10,0.099009900990099,0.4894562520205,-0.05105437479795,0.16289592760181,0.990714285714286,0.91,0.587485710845891,0.0939094175303718,1.40723981900452,0.011006362230517,0,0.00530743946201864,0.0059134649784511,NA,1.40275423505316,4.06638433586133,0.126081083152943,0.208564910507862,0.401979412563561,20
"Copestylum apiciferum",1,0.0099009900990099,0.0116279069767442,-0.988372093023256,0.742081447963801,1,1,1,0.0116279069767442,1.95927601809955,0,0,0.00355839691203522,0.000279139193214322,NA,0,1,0.0310056976270142,0.0118506269808461,0.328488848974088,1
"Copestylum avidum",16,0.158415841584158,1.32936839564073,0.0205855247275455,0.0769230769230769,0.974666666666667,0.85,0.385338064348803,0.0964978295630296,1.27149321266968,0.0110404314882235,0,0.00575977805253159,0.00664088748489824,NA,2.13754560615749,8.47860224108821,0.262884977386906,0.433746467301577,0.251416225335217,22.25
"Copestylum comstocki",3,0.0297029702970297,0.0103743988229912,-0.329875200392336,0.443438914027149,0.98,0.98,0.571547606649408,0.00345813294099708,1.57466063348416,0.00133682728835091,0,0.004749555200386,0.000782395893604421,NA,1.09861228866811,3,0.0930170928810425,0.189747829681687,0.103581017747484,6
"Copestylum haagi",6,0.0594059405940594,0.144989390586148,-0.142501768235642,0.289592760180996,0.975,0.95,0.418939379960434,0.0321413415123069,1.61538461538462,0.00210376200431527,0,0.00461385362323211,0.00141859267536538,NA,1.74786809746676,5.74234749205346,0.178045490007853,0.150337605070966,0.317150172437974,18.5
"Copestylum lentum",22,0.217821782178218,1.29699641098637,0.0134998368630167,0.0542986425339367,0.966521739130435,0.79,0.342506204323367,0.070285183675005,1.22171945701357,0.0253329572603451,0.013328476803324,0.00592563553571967,0.00693643890774883,NA,2.37571393399585,10.758691440437,0.333580733664535,0.500832988838363,0.192681843925043,38
"Copestylum marginatum",2,0.0198019801980198,0.0427565392354125,-0.478621730382294,0.484162895927602,0.998,0.99,0.848200709999965,0.0118209255533199,1.75113122171946,0.000413267898391167,0,0.00416151503271916,0.00140864263127073,NA,0.450561208866305,1.5691925832142,0.0486539107536927,0.101694915254237,0.255165577569209,2
"Copestylum mexicana",5,0.0495049504950495,0.0264935020051333,-0.194701299598973,0.321266968325792,0.995,0.96,0.683333333333333,0.00878056178681276,1.44343891402715,0.00338140105066383,0,0.00518681583788185,0.00241266445109638,NA,1.09861228866811,3,0.0930170928810425,0.28617197188921,0.160280528656185,11
"Copestylum satur",2,0.0198019801980198,0.0052499914327816,-0.497375004283609,0.502262443438914,0.995,0.99,0.74236858171067,0.00268896428041077,1.62443438914027,0.000975304898091447,0,0.00458369771719791,0.000783639570594234,NA,0.636514168294813,1.88988157484231,0.058597096660426,0.154471544715447,0.103550652732628,2.5
"Copestylum victoria",1,0.0099009900990099,0.0024330900243309,-0.997566909975669,0.746606334841629,1,1,1,0.0024330900243309,1.76923076923077,0,0,0.00410120322065076,0.000279655080709934,NA,0,1,0.0310056976270142,0.0566349731293923,0.0926723516995614,1
"Copestylum violaceum",10,0.099009900990099,0.878582857908435,-0.0121417142091565,0.153846153846154,0.995019607843137,0.91,0.699170897621233,0.303567877953768,1.46153846153846,0.0111106829695084,0.0615834985902573,0.00512650402581346,0.00756979344044187,NA,0.999603916882706,2.71720537611512,0.0842488482823227,0.224194440897289,0.550706143709895,14
"Dasysyrphus sp. a",11,0.108910891089109,1.08567804493347,0.00778891317577035,0.149321266968326,0.983,0.9,0.446323189600047,0.0682104017652219,1.33031674208145,0.00979068848964156,0,0.00556376466330931,0.00366194163763863,NA,1.9421703301692,6.97387015868905,0.21622970943037,0.314807159371029,0.243125843128985,23.25
"Diadasia diminuta",4,0.0396039603960396,0.152188177799742,-0.211952955550065,0.3710407239819,0.985,0.97,0.522302594288024,0.0309639513494221,1.52488687782805,0.00229100485303503,0,0.00491541268357408,0.00100965487475419,NA,1.33217904021012,3.789291416276,0.117489623873694,0.229571448256855,0.198768614927816,8.5
"Dianthidium cressonii",1,0.0099009900990099,0.00408163265306122,-0.995918367346939,0.751131221719457,1,1,1,0.00408163265306122,1.87330316742081,0,0,0.00376446226993557,0.00027943438533732,NA,0,1,0.0310056976270142,0.0337605070965964,0.170662728485328,1
"Didea fuscipes",3,0.0297029702970297,0.0252557424417141,-0.324914752519429,0.398190045248869,0.995,0.98,0.703562363973514,0.00688666657830442,1.61085972850679,0.000435891630083977,0,0.00462893157624921,0.00140391977444746,NA,0.867563228481461,2.3811015779523,0.0738277155451953,0.130632492765606,0.201431045761313,4
"Dieunomia nevadensis arizonensis",2,0.0198019801980198,0.0159012043274138,-0.492049397836293,0.556561085972851,0.99,0.99,0.703562363973514,0.00795060216370688,1.74660633484163,0.00314929554527164,0,0.00417659298573626,0.000536973955240444,NA,0.693147180559945,2,0.0620113952540283,0.107344632768362,0.184915179025815,3
"Dufourea fimbriata",5,0.0495049504950495,0.0647572348153399,-0.187048553036932,0.30316742081448,0.991818181818182,0.96,0.603075451332584,0.0164499285086359,1.43891402714932,0.0029254585128487,0,0.00520189379089895,0.00333063539343587,NA,1.23483915799069,3.4378255294684,0.106592178861127,0.287171007303293,0.211784617195712,6
"Dufourea maura",5,0.0495049504950495,1.24004737552636,0.0480094751052729,0.298642533936652,0.997692307692308,0.96,0.816468672852792,0.135099467663085,1.61538461538462,0.000653720607075363,0,0.00461385362323211,0.00408964862852929,NA,0.731889068087279,2.07900428110492,0.064460978105207,0.0968418423591016,0.505328429766914,6
"Eristalis arbustorum",3,0.0297029702970297,0.0224721694859028,-0.325842610171366,0.402714932126697,0.993333333333333,0.98,0.659090282131363,0.0108774126205848,1.63348416289593,0.00127966233529498,0,0.00455354181116372,0.00122616563435697,NA,0.950270539233235,2.58640928985893,0.0801934243810665,0.116301501998071,0.25190396986899,4
"Eristalis hirta",2,0.0198019801980198,0.0305072056896874,-0.484746397155156,0.506787330316742,0.995,0.99,0.74236858171067,0.0117911285794497,1.73303167420814,0.000272755806344561,0,0.00422182684478755,0.000783562227144813,NA,0.636514168294813,1.88988157484231,0.058597096660426,0.0620090946672179,0.277582256879025,2.5
"Eristalis stipator",26,0.257425742574257,1.96646216241548,0.0371716216313648,0.0361990950226244,0.984508196721312,0.75,0.456511699899395,0.119147702762307,1.1447963800905,0.0460783475541736,0.0428656225127147,0.00618196073701034,0.00733114793604605,NA,2.04289640349228,7.71291659623722,0.239144359805311,0.494335439294226,0.241421795604352,32.75
"Eristalis tenax",5,0.0495049504950495,0.0593586652068398,-0.188128266958632,0.334841628959276,0.986666666666667,0.96,0.507896823846605,0.00960762886413501,1.55203619909502,0.00228663131765901,0,0.00482494496547149,0.00158777212065464,NA,1.47507631105469,4.37136934400712,0.135537356096284,0.155436130632493,0.210048921994943,11
"Eupeodes fumipennis",2,0.0198019801980198,0.0260300461103674,-0.486984976944816,0.51131221719457,0.995,0.99,0.74236858171067,0.0169071347116862,1.61085972850679,0.000585182859778111,0,0.00462893157624921,0.000782019144866666,NA,0.636514168294813,1.88988157484231,0.058597096660426,0.114096734187681,0.292509828232314,2.5
"Eupeodes snowi",1,0.0099009900990099,0.0133333333333333,-0.986666666666667,0.755656108597285,1,1,1,0.0133333333333333,1.89140271493213,0,0,0.0037242543952233,0.000279668412405266,NA,0,1,0.0310056976270142,0.010334849111203,0.34912093291424,1
"Eupeodes volucris",12,0.118811881188119,2.16278605091514,0.0968988375762614,0.135746606334842,0.981428571428571,0.89,0.395790348543266,0.111856408460607,1.38914027149321,0.00759750378251841,0,0.00536775127408703,0.00300333404555438,NA,2.17603428527264,8.81129380230141,0.273200311336941,0.311402783519361,0.241053895394796,32.25
"Halictus farinosus",3,0.0297029702970297,0.125409345742387,-0.291530218085871,0.411764705882353,0.99,0.98,0.607247890074556,0.0333931527621273,1.80542986425339,0.000369902152689427,0,0.00398057959651398,0.00100711699373589,NA,1.03972077083992,2.82842712474619,0.0876973561899255,0.0574617610582886,0.349065854613691,5
"Halictus ligatus",12,0.118811881188119,0.241014309805127,-0.0632488075162394,0.126696832579186,0.979333333333333,0.89,0.420841716649609,0.0245108038119657,1.21719457013575,0.0255922983217369,0,0.00594071348873677,0.00477646735309206,NA,2.00774089179148,7.44647593628463,0.230883181267278,0.420256903379645,0.174661426875103,18.25
"Halictus rubicundus",6,0.0594059405940594,0.122481894628083,-0.146253017561986,0.276018099547511,0.99,0.95,0.5464532103585,0.0269522088374411,1.48868778280543,0.00192710698742183,0,0.00503603630771087,0.00222367969301709,NA,1.47350238508065,4.36449454388689,0.13532419812251,0.195363097698774,0.305562493416819,14
"Halictus tripartitus",10,0.099009900990099,0.397443786972325,-0.0602556213027675,0.18552036199095,0.965,0.91,0.35659570079736,0.0355516370777194,1.36199095022624,0.00880384297545847,0,0.00545821899218962,0.00289823056720014,NA,2.13908589469571,8.49167179780056,0.263290208110448,0.274929952689357,0.264205300989695,28
"Hammerschmidtia rufa",2,0.0198019801980198,0.0269568151147099,-0.486521592442645,0.561085972850679,0.99,0.99,0.703562363973514,0.0134784075573549,1.66515837104072,0.000331326733341166,0,0.00444799614004403,0.00053999204914528,NA,0.693147180559945,2,0.0620113952540283,0.110100592531349,0.222840822187378,3
"Heriades cressoni",6,0.0594059405940594,0.0752674919604094,-0.154122084673265,0.285067873303167,0.98,0.95,0.449416631470149,0.0168859049979835,1.38914027149321,0.00499583090469236,0,0.00536775127408703,0.00168937351397166,NA,1.67698777432242,5.34941802342378,0.165862437714778,0.342979192503789,0.19761467885605,14
"Heriades crucifer",1,0.0099009900990099,0.0384615384615385,-0.961538461538462,0.760180995475113,1,1,1,0.0384615384615385,2.04072398190045,0,0,0.00338751344450811,0.000279084671986057,NA,0,1,0.0310056976270142,0.0035827476918837,0.50882856434645,1
"Heringia sp. a",1,0.0099009900990099,0.00909090909090909,-0.990909090909091,0.764705882352941,1,1,1,0.00909090909090909,1.85972850678733,0,0,0.00382980006634299,0.000279635971432926,NA,0,1,0.0310056976270142,0.015157778696431,0.291383277755914,1
"Heterosarus bakeri",24,0.237623762376238,2.16469314360045,0.048528880983352,0.0497737556561086,0.979583333333333,0.77,0.362737035954103,0.072434303546772,1.26696832579186,0.0202508656748632,0.0117096334668879,0.00577485600554869,0.00517568542305044,NA,2.55718705753632,12.8994807360274,0.39995739924676,0.375514618856428,0.257542145644218,73
"Heterosarus neomexicanus",15,0.148514851485149,1.18012413729225,0.0120082758194834,0.104072398190045,0.99,0.86,0.514142548865228,0.0876418509550875,1.38914027149321,0.00882276683763351,0,0.00536775127408703,0.00375863328154914,NA,1.97204411061381,7.18534913541245,0.222786762637126,0.21631041833848,0.405822811278688,87
"Hoplitis albifrons",1,0.0099009900990099,0.05,-0.95,0.647058823529412,1,1,1,0.05,1.99547511312217,0,0,0.00348803313128876,0.000540614564684655,NA,0,1,0.0310056976270142,0.00551191952597492,0.547792960060315,1
"Hoplitis fulgida",1,0.0099009900990099,0.00133868808567604,-0.998661311914324,0.769230769230769,1,1,1,0.00133868808567604,1.64253393665158,0,0,0.00452338590512952,0.000279781538459976,NA,0,1,0.0310056976270142,0.102935097147582,0.00260099802551275,1
"Hoplitis producta",1,0.0099009900990099,0.0454545454545455,-0.954545454545455,0.773755656108597,1,1,1,0.0454545454545455,2.03619909502262,0,0,0.00337243549149101,0.000276553377463018,NA,0,1,0.0310056976270142,0.00303155573928621,0.534012653779731,1
"Hylaeus annulatus",10,0.099009900990099,0.266612634279996,-0.0733387365720004,0.167420814479638,0.988666666666667,0.91,0.508213783756403,0.0482770776116463,1.33484162895928,0.00849118134536871,0,0.00554868671029221,0.00394302645603682,NA,1.75522439758261,5.78474567927077,0.179360075380646,0.290129357861375,0.318617557780858,16.25
"Hylaeus basalis",2,0.0198019801980198,0.0144100580270793,-0.49279497098646,0.565610859728507,0.99,0.99,0.703562363973514,0.00720502901353965,1.7420814479638,0.000232722690276673,0,0.00420172290743142,0.000540217164252274,NA,0.693147180559945,2,0.0620113952540283,0.0410638004685132,0.250008708721164,3
"Hylaeus personatellus",1,0.0099009900990099,0.024390243902439,-0.975609756097561,0.778280542986425,1,1,1,0.024390243902439,1.90950226244344,0,0,0.00363378667712071,0.000279263922541126,NA,0,1,0.0310056976270142,0.00564971751412429,0.440163757543623,1
"Hylaeus wootoni",6,0.0594059405940594,0.168594824383818,-0.138567529269364,0.262443438914027,0.991666666666667,0.95,0.590699263445208,0.0406610948252978,1.4027149321267,0.00662167055914381,0,0.00532251741503574,0.00338806480871942,NA,1.33377453936105,3.7953420531227,0.117677228090214,0.247622984704423,0.324366755008165,9
"Lapposyrphus lapponicus",8,0.0792079207920792,0.0753394612141642,-0.115582567348229,0.226244343891403,0.95,0.93,0.360940130461795,0.00835243864553436,1.30769230769231,0.00767399024573542,0,0.0056391544283948,0.00225978264530034,NA,2.0228085294147,7.55952629936924,0.234388386641704,0.422178586192642,0.103650622493532,10
"Lasioglossum aquilae",22,0.217821782178218,1.84542413410127,0.0384283697318759,0.0588235294117647,0.977222222222222,0.79,0.371058719609779,0.0752717564453584,1.27149321266968,0.015507894093271,0.00396616617426849,0.00575977805253159,0.0060459513969435,NA,2.37475886617261,10.748421065655,0.333262293529527,0.431858894860135,0.255618360859716,47
"Lasioglossum biclausum",1,0.0099009900990099,0.0252100840336134,-0.974789915966387,0.6289592760181,1,1,1,0.0252100840336134,1.92307692307692,0,0,0.00365891659881588,0.000786797254166381,NA,0,1,0.0310056976270142,0.0163979605897754,0.442759049495978,1
"Lasioglossum cinctipes",1,0.0099009900990099,0.00408163265306122,-0.995918367346939,0.782805429864253,1,1,1,0.00408163265306122,1.87330316742081,0,0,0.00376446226993557,0.00027943438533732,NA,0,1,0.0310056976270142,0.0337605070965964,0.170662728485328,1
"Lasioglossum comulum aff.",7,0.0693069306930693,0.255688447173109,-0.106330221832413,0.235294117647059,0.9925,0.94,0.592211352233546,0.0518769058905162,1.43438914027149,0.0113006210217535,0.000445181917519932,0.00521697174391605,0.00234973872846264,NA,1.45080502008392,4.26654778971566,0.13228729067913,0.178222012244336,0.402183404522549,22
"Lasioglossum cooleyi",1,0.0099009900990099,0.00408163265306122,-0.995918367346939,0.787330316742081,1,1,1,0.00408163265306122,1.87330316742081,0,0,0.00376446226993557,0.00027943438533732,NA,0,1,0.0310056976270142,0.0337605070965964,0.170662728485328,1
"Lasioglossum desertum",12,0.118811881188119,0.802278851209915,-0.0164767623991738,0.131221719457014,0.945,0.89,0.312368315449953,0.0592964326346195,1.35746606334842,0.0242411640336845,0.00316798647366457,0.00547329694520672,0.00333873176205107,NA,2.34461752997487,10.4292830764762,0.323367197535758,0.314608706712882,0.309992881536008,18.25
"Lasioglossum diatretum",1,0.0099009900990099,0.00816326530612245,-0.991836734693878,0.65158371040724,1,1,1,0.00816326530612245,1.87330316742081,0,0,0.00376446226993557,0.00054030075653242,NA,0,1,0.0310056976270142,0.0337605070965964,0.274213628579256,1
"Lasioglossum egregium",3,0.0297029702970297,0.0567750088541164,-0.314408330381961,0.416289592760181,0.99,0.98,0.607247890074556,0.0176659744357513,1.75565610859729,0.0012225311173016,0,0.00414643707970206,0.000992324531835949,NA,1.03972077083992,2.82842712474619,0.0876973561899255,0.0402370125396169,0.357052584488545,5
"Lasioglossum hairy T1",2,0.0198019801980198,0.0481319216258975,-0.475934039187051,0.515837104072398,0.995,0.99,0.74236858171067,0.0169364325990832,1.6289592760181,7.99581102578818e-05,0,0.00456861976418082,0.000781896815958673,NA,0.636514168294813,1.88988157484231,0.058597096660426,0.105966652886868,0.246169903249665,2.5
"Lasioglossum heterorhinum",2,0.0198019801980198,0.0398002265472145,-0.480099886726393,0.570135746606335,0.99,0.99,0.703562363973514,0.0199001132736073,1.60633484162896,0.00295541512371563,0,0.00464400952926631,0.000537192410295137,NA,0.693147180559945,2,0.0620113952540283,0.106517844839465,0.254745578546629,3
"Lasioglossum laevissimum",6,0.0594059405940594,0.0795244513514057,-0.153412591441432,0.271493212669683,0.991818181818182,0.95,0.586088730483704,0.0127670710100603,1.39366515837104,0.00477419553512404,0,0.00535267332106993,0.00330548300128373,NA,1.37346859410268,3.94902453046716,0.122442260513326,0.295990078544853,0.186202010712089,7
"Lasioglossum lusorium",10,0.099009900990099,0.11471881826423,-0.088528118173577,0.190045248868778,0.953333333333333,0.91,0.335139283135156,0.0134376408262674,1.38461538461538,0.00752928072154878,0,0.00538282922710413,0.0029424280814371,NA,2.20082764903455,9.032486135077,0.280058533924395,0.312525837122778,0.192457194414994,14.1666666666667
"Lasioglossum M2",7,0.0693069306930693,0.205711310748658,-0.113469812750192,0.239819004524887,0.9825,0.94,0.445732751713864,0.0206037952568574,1.42986425339367,0.00372889943658548,0,0.00523204969693314,0.00208284860467423,NA,1.76776147228933,5.8577259919198,0.181622880887367,0.302429002718378,0.16442889647129,19.5
"Lasioglossum manitouellum",4,0.0396039603960396,0.0433753477107664,-0.239156163072308,0.361990950226244,0.986666666666667,0.97,0.546976849116476,0.0130172796546603,1.53846153846154,0.0054745026803246,0,0.00487017882452278,0.0014042793622451,NA,1.27703425946614,3.58598882705695,0.111186085265579,0.169629323411878,0.252831504066608,6
"Lasioglossum mesillense",1,0.0099009900990099,0.05,-0.95,0.791855203619909,1,1,1,0.05,2.02262443438914,0,0,0.00342772131922037,0.000278961832518181,NA,0,1,0.0310056976270142,0.00275595976298746,0.548381054869318,1
"Lasioglossum microlepoides",1,0.0099009900990099,0.05,-0.95,0.796380090497738,1,1,1,0.05,2.02262443438914,0,0,0.00342772131922037,0.000278961832518181,NA,0,1,0.0310056976270142,0.00275595976298746,0.548381054869318,1
"Lasioglossum n. sp. (deludens MS)",4,0.0396039603960396,0.280965113318055,-0.179758721670486,0.34841628959276,0.997272727272727,0.97,0.793082336101829,0.086095347229801,1.85067873303167,0.00170450635614541,0.000404710834109029,0.00388005990973332,0.00248758508145012,NA,0.754996758130825,2.12760462592826,0.0659678657013683,0.0235634559735428,0.569757671911346,7
"Lasioglossum obnubilum",10,0.099009900990099,0.322091709897602,-0.0677908290102398,0.180995475113122,0.973333333333333,0.91,0.380028272110518,0.0389037242782392,1.43891402714932,0.0106097952314252,0,0.00520189379089895,0.00301786139157522,NA,2.0744897329905,7.96048345042886,0.246820342828848,0.223195159532489,0.333747055748284,16.25
"Lasioglossum occultum cf.",5,0.0495049504950495,0.0681521663113722,-0.186369566737726,0.307692307692308,0.985,0.96,0.527114788257738,0.0189045170769595,1.42986425339367,0.00361266391512297,0,0.00523204969693314,0.00331820741921769,NA,1.39232125475743,4.02418036760919,0.124772519674657,0.285476092049056,0.227531801763986,5.5
"Lasioglossum pacatum aff.",1,0.0099009900990099,0.00133868808567604,-0.998661311914324,0.800904977375566,1,1,1,0.00133868808567604,1.64253393665158,0,0,0.00452338590512952,0.000279781538459976,NA,0,1,0.0310056976270142,0.102935097147582,0.00260099802551275,1
"Lasioglossum pacatum/viridatulum",16,0.158415841584158,2.7763816121783,0.111023850761144,0.0950226244343891,0.956666666666667,0.85,0.330674618204966,0.169299765074155,1.38914027149321,0.00873863414198721,0.00296787945013288,0.00536775127408703,0.00479309093861796,NA,2.37271028077271,10.7264245457555,0.332580276084677,0.256519567314317,0.431927494129715,20.5
"Lasioglossum perdifficile",1,0.0099009900990099,0.0024330900243309,-0.997566909975669,0.805429864253394,1,1,1,0.0024330900243309,1.76923076923077,0,0,0.00410120322065076,0.000279655080709934,NA,0,1,0.0310056976270142,0.0566349731293923,0.0926723516995614,1
"Lasioglossum prasinogaster",1,0.0099009900990099,0.00131578947368421,-0.998684210526316,0.809954751131222,1,1,1,0.00131578947368421,1.68325791855204,0,0,0.00438768432797563,0.000279618371694073,NA,0,1,0.0310056976270142,0.104726470993523,0,1
"Lasioglossum ruficorne",2,0.0198019801980198,0.00539742212674544,-0.497301288936627,0.574660633484163,0.99,0.99,0.703562363973514,0.00269871106337272,1.6289592760181,0.000932894911754117,0,0.00456861976418082,0.000540008557429456,NA,0.693147180559945,2,0.0620113952540283,0.13848697809012,0.0841402895934569,3
"Lasioglossum ruidosense cf.",39,0.386138613861386,6.30135963248486,0.135932298268842,0,0.926,0.62,0.196479470718206,0.103308440927811,1.1447963800905,0.0502279605380088,0.019992715204986,0.00618196073701034,0.00569920486341353,NA,3.31348459009462,27.4807178622843,0.852058828611273,0.475002788768808,0.24112254811008,60.3333333333333
"Lasioglossum rupticristum",2,0.0198019801980198,0.101313320825516,-0.449343339587242,0.520361990950226,0.995,0.99,0.74236858171067,0.0594121325828643,1.88235294117647,0.00047289230178904,0,0.0037242543952233,0.000778826983889492,NA,0.636514168294813,1.88988157484231,0.058597096660426,0.00923246520600799,0.553690253846697,2.5
"Lasioglossum sedi",2,0.0198019801980198,0.00374887949801511,-0.498125560250992,0.579185520361991,0.99,0.99,0.703562363973514,0.00187443974900756,1.57466063348416,0.000946291934588218,0,0.004749555200386,0.000540196864711959,NA,0.693147180559945,2,0.0620113952540283,0.161361444122916,0.0450943219582119,3
"Lasioglossum semicaeruleum",28,0.277227722772277,3.14508216520455,0.076610077328734,0.0316742081447964,0.971627906976744,0.73,0.33011226072837,0.0849184216914222,1.16742081447964,0.0371444931614636,0.00298811499183833,0.00610657097192485,0.00661126844065597,NA,2.60537729276373,13.5363314993437,0.419703401447677,0.479223821514024,0.224170886227155,46
"Lasioglossum sisymbrii",24,0.237623762376238,2.55358621997289,0.064732759165537,0.0452488687782805,0.967874015748032,0.77,0.382745322645702,0.256029027404847,1.18099547511312,0.0256133126592391,0.211189355205706,0.00606133711287356,0.0077066784829745,NA,2.20838871491021,9.10104020207252,0.282184100596761,0.428082457285843,0.349516276913258,36.25
"Lasioglossum sp. 1",1,0.0099009900990099,0.00133868808567604,-0.998661311914324,0.81447963800905,1,1,1,0.00133868808567604,1.64253393665158,0,0,0.00452338590512952,0.000279781538459976,NA,0,1,0.0310056976270142,0.102935097147582,0.00260099802551275,1
"Lasioglossum sp. 2",7,0.0693069306930693,0.149566359889816,-0.121490520015741,0.244343891402715,0.9825,0.94,0.445732751713864,0.0252725211308033,1.53846153846154,0.00441671085068259,0,0.00487017882452278,0.00193053058600563,NA,1.76776147228933,5.8577259919198,0.181622880887367,0.160772670900823,0.320521207087599,19.5
"Lasioglossum sp. 3",1,0.0099009900990099,0.336134453781513,-0.663865546218487,0.619909502262443,1,1,1,0.336134453781513,1.92307692307692,0,0,0.00365891659881588,0.00486674352554524,NA,0,1,0.0310056976270142,0.0163979605897754,0.782231835138147,1
"Lasioglossum sp. 4",1,0.0099009900990099,0.00694444444444444,-0.993055555555556,0.819004524886878,1,1,1,0.00694444444444444,1.85067873303167,0,0,0.00382980006634299,0.000279478796179684,NA,0,1,0.0310056976270142,0.0198429102935097,0.250780231710017,1
"Lasioglossum sp. 5",1,0.0099009900990099,0.0133333333333333,-0.986666666666667,0.823529411764706,1,1,1,0.0133333333333333,1.89140271493213,0,0,0.0037242543952233,0.000279668412405266,NA,0,1,0.0310056976270142,0.010334849111203,0.34912093291424,1
"Lasioglossum sp. e",1,0.0099009900990099,0.00694444444444444,-0.993055555555556,0.828054298642534,1,1,1,0.00694444444444444,1.85067873303167,0,0,0.00382980006634299,0.000279478796179684,NA,0,1,0.0310056976270142,0.0198429102935097,0.250780231710017,1
"Lasioglossum sp. s",2,0.0198019801980198,0.0366958028191196,-0.48165209859044,0.479638009049774,0.994,0.99,0.725646263685,0.0219308606976927,1.61538461538462,0.000233059781296979,0,0.00461385362323211,0.00179153035154885,NA,0.661563238157982,1.93781924087838,0.0600834374384853,0.124018189334436,0.311121176512074,2
"Lasioglossum trizonatum",3,0.0297029702970297,0.272082494969819,-0.242639168343394,0.407239819004525,0.993333333333333,0.98,0.659090282131363,0.0561066398390342,1.75565610859729,7.67006063646358e-05,0,0.00414643707970206,0.00117421321182183,NA,0.950270539233235,2.58640928985893,0.0801934243810665,0.0999035414082954,0.36155618726399,4
"Lasioglossum viridatum species group",2,0.0198019801980198,0.0066067947646895,-0.496696602617655,0.583710407239819,0.99,0.99,0.703562363973514,0.00330339738234475,1.65610859728507,0.000254614814349649,0,0.00447815204607822,0.000539452963446206,NA,0.693147180559945,2,0.0620113952540283,0.130770290753755,0.103726951355173,3
"Lasioglossum Z17",1,0.0099009900990099,0.05,-0.95,0.832579185520362,1,1,1,0.05,2.02262443438914,0,0,0.00342772131922037,0.000278961832518181,NA,0,1,0.0310056976270142,0.00275595976298746,0.548381054869318,1
"Lasioglossum Z23",1,0.0099009900990099,0.00840336134453781,-0.991596638655462,0.83710407239819,1,1,1,0.00840336134453781,1.92307692307692,0,0,0.00365891659881588,0.000279739245612496,NA,0,1,0.0310056976270142,0.0163979605897754,0.279527503287957,1
"Lejops polygrammus",4,0.0396039603960396,0.032044382698401,-0.2419889043254,0.375565610859729,0.985,0.97,0.522302594288024,0.00693519232915388,1.42986425339367,0.00296061891266921,0,0.00523204969693314,0.00122604047346673,NA,1.33217904021012,3.789291416276,0.117489623873694,0.269670662808323,0.119209003625343,8.5
"Lithurgus apicalis",1,0.0099009900990099,0.00840336134453781,-0.991596638655462,0.841628959276018,1,1,1,0.00840336134453781,1.92307692307692,0,0,0.00365891659881588,0.000279739245612496,NA,0,1,0.0310056976270142,0.0163979605897754,0.279527503287957,1
"Mallota sackeni",1,0.0099009900990099,0.0116279069767442,-0.988372093023256,0.846153846153846,1,1,1,0.0116279069767442,1.95927601809955,0,0,0.00355839691203522,0.000279139193214322,NA,0,1,0.0310056976270142,0.0118506269808461,0.328488848974088,1
"Megachile comata",16,0.158415841584158,0.298230805758799,-0.0438605746400751,0.0995475113122172,0.9475,0.85,0.275041815002737,0.0172925677519064,1.33031674208145,0.00851295461278872,0,0.00556376466330931,0.0034921839726714,NA,2.62249822891908,13.7700814660192,0.426950982234742,0.483610307289514,0.141491035911107,46.25
"Megachile fidelis",9,0.0891089108910891,0.126215235145644,-0.0970871960949284,0.203619909502262,0.975,0.92,0.39357078039874,0.0128518899676621,1.35294117647059,0.0163214046113607,0,0.00548837489822382,0.00235753802841996,NA,2.00755630743784,7.44510156018509,0.23084056777751,0.312575050689974,0.175768245455026,30
"Megachile frigida",16,0.158415841584158,1.92945196160929,0.0580907476005806,0.0904977375565611,0.993617021276596,0.85,0.619141457483752,0.144550558144516,1.30316742081448,0.0201759160754229,1.34903611369676e-05,0.0056542323814119,0.00560252178571192,NA,1.61676656043141,5.03677784130452,0.156168810761933,0.260708424825829,0.411885598016507,66
"Megachile gemula",1,0.0099009900990099,0.00955414012738853,-0.990445859872611,0.633484162895928,1,1,1,0.00955414012738853,1.82352941176471,0,0,0.00393031975312365,0.000785578848513377,NA,0,1,0.0310056976270142,0.0432685682789031,0.295857202339975,1
"Megachile gemula fulvogemula",1,0.0099009900990099,0.00955414012738853,-0.990445859872611,0.638009049773756,1,1,1,0.00955414012738853,1.82352941176471,0,0,0.00393031975312365,0.000785578848513377,NA,0,1,0.0310056976270142,0.0432685682789031,0.295857202339975,1
"Megachile inermis",2,0.0198019801980198,0.016586754569973,-0.491706622715013,0.475113122171946,0.99875,0.99,0.894703206186551,0.0106066660007325,1.6606334841629,0.000701142090714026,0,0.00446307409306113,0.00196171159892451,NA,0.348832095843032,1.41741118113173,0.0439478224953195,0.123742593358137,0.243497757978152,2
"Megachile inimica sayi",2,0.0198019801980198,0.0257986946066644,-0.487100652696668,0.588235294117647,0.99,0.99,0.703562363973514,0.0128993473033322,1.71945701357466,0.000691831402439143,0,0.00426706070383885,0.000538109436087108,NA,0.693147180559945,2,0.0620113952540283,0.103486289100179,0.224202624607022,3
"Megachile lippiae",2,0.0198019801980198,0.0878253740520598,-0.45608731297397,0.470588235294118,0.998888888888889,0.99,0.904544084055609,0.0692867390858782,1.80542986425339,0.000660049206731766,0,0.00401073550254817,0.00213996898361743,NA,0.325082973391448,1.38414548846169,0.0429163964870389,0.027697395618024,0.536227901752127,2
"Megachile melanophaea",6,0.0594059405940594,0.243862192831049,-0.126022967861492,0.257918552036199,0.992068965517241,0.95,0.612758821055287,0.0781177488700806,1.43891402714932,0.00282970869649571,0,0.00520189379089895,0.00512646636909041,NA,1.2195080692555,3.38552188161326,0.104970467770941,0.156432516085265,0.425005192976236,8
"Megachile melanophaea rohweri",10,0.099009900990099,0.838463839489472,-0.0161536160510528,0.158371040723982,0.988979591836735,0.91,0.560842451030531,0.235816412461328,1.47511312217195,0.0057331114029965,0.00245524572692811,0.00508127016676216,0.00612209586718916,NA,1.42463303408029,4.15633233055132,0.128869983478457,0.15449830160635,0.567187077883026,20
"Megachile mellitarsis",2,0.0198019801980198,0.00806689284123231,-0.495966553579384,0.48868778280543,0.9975,0.99,0.822678552048125,0.00499366025838731,1.62443438914027,0.000975304898091447,0,0.00458369771719791,0.0012264815520285,NA,0.500402423538188,1.64938488846612,0.0511403291223469,0.154471544715447,0.164347528278927,2
"Megachile mendica",1,0.0099009900990099,0.00840336134453781,-0.991596638655462,0.850678733031674,1,1,1,0.00840336134453781,1.92307692307692,0,0,0.00365891659881588,0.000279739245612496,NA,0,1,0.0310056976270142,0.0163979605897754,0.279527503287957,1
"Megachile parallela",1,0.0099009900990099,0.0384615384615385,-0.961538461538462,0.855203619909502,1,1,1,0.0384615384615385,2.04072398190045,0,0,0.00338751344450811,0.000279084671986057,NA,0,1,0.0310056976270142,0.0035827476918837,0.50882856434645,1
"Megachile policaris",1,0.0099009900990099,0.0357142857142857,-0.964285714285714,0.85972850678733,1,1,1,0.0357142857142857,1.9683257918552,0,0,0.0034478252565765,0.00027868287510993,NA,0,1,0.0310056976270142,0.00385834366818244,0.497656483147708,1
"Megachile proxima",1,0.0099009900990099,0.025,-0.975,0.864253393665158,1,1,1,0.025,1.99547511312217,0,0,0.00348803313128876,0.000279518298674859,NA,0,1,0.0310056976270142,0.00551191952597492,0.443886270315886,1
"Megachile relativa",9,0.0891089108910891,0.208087827552045,-0.0879902413831061,0.194570135746606,0.996666666666667,0.92,0.75368241991083,0.039955530685486,1.41176470588235,0.00571103820573305,0,0.00529236150900154,0.00476305874823704,NA,1.05539688947467,2.87311523683993,0.0890829422810262,0.232023626091423,0.312161314023455,27
"Megachile subexilis",4,0.0396039603960396,0.0644247404325786,-0.233893814891855,0.343891402714932,0.997142857142857,0.97,0.787204775153639,0.0266392101900332,1.56561085972851,0.00117209793255318,0,0.00477971110642019,0.00312076972277784,NA,0.760755259244303,2.13989178338683,0.0663488375902242,0.173097239446971,0.318235348972532,6
"Megachile zapoteca",2,0.0198019801980198,0.358543417366947,-0.320728291316527,0.493212669683258,0.996666666666667,0.99,0.788194138521722,0.102240896358543,1.91402714932127,6.73846010075313e-05,0,0.00367902053617201,0.000868088508429046,NA,0.562335144618808,1.75476535060332,0.0544077238671681,0.0168113545542235,0.532599308256199,2
"Melangyna lasiophthalma",1,0.0099009900990099,0.0289855072463768,-0.971014492753623,0.656108597285068,1,1,1,0.0289855072463768,2.09049773755656,0,0,0.00328196777338842,0.000537313531296236,NA,0,1,0.0310056976270142,0.00950806118230674,0.465490708697376,1
"Meligramma guttata",1,0.0099009900990099,0.0144927536231884,-0.985507246376812,0.868778280542986,1,1,1,0.0144927536231884,2.09049773755656,0,0,0.00328196777338842,0.000278633228819344,NA,0,1,0.0310056976270142,0.00950806118230674,0.361691052949592,1
"Melissodes confusa",18,0.178217821782178,2.48413361158651,0.0824518673103616,0.0678733031674208,0.9898,0.83,0.516269942438398,0.172275031415568,1.33484162895928,0.0233623374430833,0.00296787945013288,0.00554868671029221,0.00585825241355318,NA,1.92981261489346,6.8882193709194,0.213574047003269,0.271553447200859,0.450410291949876,38.25
"Melissodes coreopsis",1,0.0099009900990099,0.00131578947368421,-0.998684210526316,0.873303167420814,1,1,1,0.00131578947368421,1.68325791855204,0,0,0.00438768432797563,0.000279618371694073,NA,0,1,0.0310056976270142,0.104726470993523,0,1
"Melissodes gilensis",1,0.0099009900990099,0.00398406374501992,-0.99601593625498,0.877828054298643,1,1,1,0.00398406374501992,1.92307692307692,0,0,0.00359860478674748,0.000279367481243398,NA,0,1,0.0310056976270142,0.0345872950254926,0.167015273771611,1
"Melissodes grindeliae",1,0.0099009900990099,0.00263157894736842,-0.997368421052632,0.660633484162896,1,1,1,0.00263157894736842,1.68325791855204,0,0,0.00438768432797563,0.000540989034882854,NA,0,1,0.0310056976270142,0.104726470993523,0.103328664366674,1
"Melissodes limbus",1,0.0099009900990099,0.00140845070422535,-0.998591549295775,0.882352941176471,1,1,1,0.00140845070422535,1.76470588235294,0,0,0.00411628117366786,0.000279494052515539,NA,0,1,0.0310056976270142,0.0978365715860548,0.0102593391120168,1
"Melissodes menuachus",1,0.0099009900990099,0.00394736842105263,-0.996052631578947,0.642533936651584,1,1,1,0.00394736842105263,1.68325791855204,0,0,0.00438768432797563,0.000785841796479424,NA,0,1,0.0310056976270142,0.104726470993523,0.1620281147193,1
"Melissodes pallidisignata",1,0.0099009900990099,0.00263157894736842,-0.997368421052632,0.665158371040724,1,1,1,0.00263157894736842,1.68325791855204,0,0,0.00438768432797563,0.000540989034882854,NA,0,1,0.0310056976270142,0.104726470993523,0.103328664366674,1
"Melissodes paroselae",1,0.0099009900990099,0.00398406374501992,-0.99601593625498,0.886877828054299,1,1,1,0.00398406374501992,1.92307692307692,0,0,0.00359860478674748,0.000279367481243398,NA,0,1,0.0310056976270142,0.0345872950254926,0.167015273771611,1
"Melissodes sp. a",1,0.0099009900990099,0.00131578947368421,-0.998684210526316,0.891402714932127,1,1,1,0.00131578947368421,1.68325791855204,0,0,0.00438768432797563,0.000279618371694073,NA,0,1,0.0310056976270142,0.104726470993523,0,1
"Melissodes sp. b",1,0.0099009900990099,0.00131578947368421,-0.998684210526316,0.895927601809955,1,1,1,0.00131578947368421,1.68325791855204,0,0,0.00438768432797563,0.000279618371694073,NA,0,1,0.0310056976270142,0.104726470993523,0,1
"Melissodes sp. c",1,0.0099009900990099,0.00131578947368421,-0.998684210526316,0.900452488687783,1,1,1,0.00131578947368421,1.68325791855204,0,0,0.00438768432797563,0.000279618371694073,NA,0,1,0.0310056976270142,0.104726470993523,0,1
"Melissodes tristis",10,0.099009900990099,0.248640784902933,-0.0751359215097067,0.171945701357466,0.967142857142857,0.91,0.400721571390632,0.0244982232932993,1.30769230769231,0.0117733486122391,0,0.0056391544283948,0.00396985258291408,NA,1.97868304401992,7.23321088952741,0.224270749713113,0.369546644618989,0.209411657892829,22.5
"Melissodes verbesinarum",1,0.0099009900990099,0.0028169014084507,-0.997183098591549,0.669683257918552,1,1,1,0.0028169014084507,1.76470588235294,0,0,0.00411628117366786,0.00054052387398297,NA,0,1,0.0310056976270142,0.0978365715860548,0.11360136311327,1
"Neocnemodon sp. a",2,0.0198019801980198,0.00452340146147222,-0.497738299269264,0.592760180995475,0.99,0.99,0.703562363973514,0.00226170073073611,1.5972850678733,0.000476303707672891,0,0.0046741654353005,0.000540492339269234,NA,0.693147180559945,2,0.0620113952540283,0.146203665426485,0.0667144580328777,3
"Nomada sp. c",1,0.0099009900990099,0.0133333333333333,-0.986666666666667,0.904977375565611,1,1,1,0.0133333333333333,1.89140271493213,0,0,0.0037242543952233,0.000279668412405266,NA,0,1,0.0310056976270142,0.010334849111203,0.34912093291424,1
"Nomada sp. d",2,0.0198019801980198,0.15530303030303,-0.422348484848485,0.597285067873303,0.99,0.99,0.703562363973514,0.0776515151515152,2.00904977375566,0.000106534523876591,0,0.0034025913975252,0.00053734856267983,NA,0.693147180559945,2,0.0620113952540283,0.00564971751412429,0.579154075107524,3
"Osmia albolateralis",2,0.0198019801980198,0.0401515151515152,-0.479924242424242,0.601809954751131,0.99,0.99,0.703562363973514,0.0200757575757576,1.90950226244344,0.000144210959028761,0,0.00363378667712071,0.0005385899516925,NA,0.693147180559945,2,0.0620113952540283,0.0146065867438335,0.405365983577436,3
"Osmia bucephala",3,0.0297029702970297,0.0296893923866664,-0.323436869204444,0.447963800904977,0.98,0.98,0.571547606649408,0.00989646412888881,1.73303167420814,0.00145270077860969,0,0.00425198275082175,0.000776914396330965,NA,1.09861228866811,3,0.0930170928810425,0.042855174314455,0.299189029561514,6
"Osmia inurbana",1,0.0099009900990099,0.025,-0.975,0.909502262443439,1,1,1,0.025,1.99547511312217,0,0,0.00348803313128876,0.000279518298674859,NA,0,1,0.0310056976270142,0.00551191952597492,0.443886270315886,1
"Osmia juxta",3,0.0297029702970297,0.0740830489879317,-0.308638983670689,0.452488687782805,0.98,0.98,0.571547606649408,0.0246943496626439,1.49773755656109,0.00127878236139942,0,0.00500588040167667,0.000768242769797799,NA,1.09861228866811,3,0.0930170928810425,0.209590739975196,0.198146720740179,6
"Osmia longula",1,0.0099009900990099,0.01,-0.99,0.914027149321267,1,1,1,0.01,1.93665158371041,0,0,0.00358352683373039,0.000279388234046408,NA,0,1,0.0310056976270142,0.0137797988149373,0.305751678845501,1
"Osmia montana montana",1,0.0099009900990099,0.00140845070422535,-0.998591549295775,0.918552036199095,1,1,1,0.00140845070422535,1.76470588235294,0,0,0.00411628117366786,0.000279494052515539,NA,0,1,0.0310056976270142,0.0978365715860548,0.0102593391120168,1
"Palpada mexicana",1,0.0099009900990099,0.0116279069767442,-0.988372093023256,0.923076923076923,1,1,1,0.0116279069767442,1.95927601809955,0,0,0.00355839691203522,0.000279139193214322,NA,0,1,0.0310056976270142,0.0118506269808461,0.328488848974088,1
"Panurginus cressoniellus",8,0.0792079207920792,0.324946679380723,-0.0843816650774096,0.208144796380091,0.983636363636364,0.93,0.458011002573085,0.0270597553906994,1.42081447963801,0.00368126893981427,0,0.00526220560296734,0.00397980424543873,NA,1.76174794241955,5.82260608483889,0.180533963667727,0.217065092918609,0.266353306171602,11
"Panurginus sp. a",1,0.0099009900990099,0.0065359477124183,-0.993464052287582,0.927601809954751,1,1,1,0.0065359477124183,1.84162895927602,0,0,0.00387000794105526,0.000279275425652999,NA,0,1,0.0310056976270142,0.0210830921868541,0.241640820957131,1
"Paragus haemorrhous",4,0.0396039603960396,0.0495755764229367,-0.237606105894266,0.380090497737557,0.97,0.97,0.492442890089805,0.0123938941057342,1.48868778280543,0.00290357067271835,0,0.00503603630771087,0.000976148846025062,NA,1.38629436111989,4,0.124022790508057,0.215929447430068,0.193682853021868,10
"Parasyrphus relictus",2,0.0198019801980198,0.0254175744371823,-0.487291212781409,0.524886877828054,0.995,0.99,0.74236858171067,0.0128298232873396,1.7737556561086,0.000238408123359917,0,0.00408612526763367,0.000763786148286059,NA,0.636514168294813,1.88988157484231,0.058597096660426,0.0322447292269533,0.340435911441985,2.5
"Perdita fallax",2,0.0198019801980198,0.0173493975903614,-0.491325301204819,0.497737556561086,0.996666666666667,0.99,0.788194138521722,0.00634538152610442,1.60180995475113,0.000914552796627761,0,0.00465908748228341,0.00101056436218817,NA,0.562335144618808,1.75476535060332,0.0544077238671681,0.113269946258785,0.196502174601447,2
"Pipizini sp. a",3,0.0297029702970297,0.0167761253161857,-0.327741291561271,0.420814479638009,0.99,0.98,0.607247890074556,0.0057863880169445,1.57466063348416,0.00126420831451255,0,0.004749555200386,0.00101256450155887,NA,1.03972077083992,2.82842712474619,0.0876973561899255,0.163152817968858,0.174308854787764,5
"Platycheirus confusus",1,0.0099009900990099,0.0256410256410256,-0.974358974358974,0.932126696832579,1,1,1,0.0256410256410256,1.93212669683258,0,0,0.00360865675542555,0.000279495536308441,NA,0,1,0.0310056976270142,0.00537412153782555,0.447703033861755,1
"Platycheirus spinipes",1,0.0099009900990099,0.0163934426229508,-0.983606557377049,0.936651583710407,1,1,1,0.0163934426229508,1.9683257918552,0,0,0.00349808509996683,0.000279055150965022,NA,0,1,0.0310056976270142,0.00840567727711175,0.380268879668368,1
"Platycheirus stegnus",5,0.0495049504950495,0.292409034498216,-0.141518193100357,0.339366515837104,0.98,0.96,0.463081466314993,0.0509134883205087,1.54298642533937,0.0101051138648791,0.00014164879193816,0.00485510087150568,0.00101166899320769,NA,1.56071040904141,4.7622031559046,0.147655431090391,0.146617059390933,0.330729796493156,13
"Protandrena sp. a",1,0.0099009900990099,0.00131578947368421,-0.998684210526316,0.941176470588235,1,1,1,0.00131578947368421,1.68325791855204,0,0,0.00438768432797563,0.000279618371694073,NA,0,1,0.0310056976270142,0.104726470993523,0,1
"Protandrena sp. c",1,0.0099009900990099,0.00529100529100529,-0.994708994708995,0.945701357466063,1,1,1,0.00529100529100529,1.89592760180995,0,0,0.00369912447352814,0.000279382276833496,NA,0,1,0.0310056976270142,0.0260438197602315,0.209785107140192,1
"Protandrena sp. d",1,0.0099009900990099,0.0246913580246914,-0.975308641975309,0.67420814479638,1,1,1,0.0246913580246914,1.91402714932127,0,0,0.00363881266145975,0.000539736884680116,NA,0,1,0.0310056976270142,0.0111616370400992,0.441286918590138,1
"Protandrena sp. e",1,0.0099009900990099,0.125,-0.875,0.950226244343891,1,1,1,0.125,2.1447963800905,0,0,0.00321160399264196,0.000279047919878796,NA,0,1,0.0310056976270142,0.00110238390519498,0.686515646339702,1
"Pseudopanurgus atricornis",20,0.198019801980198,3.18898731793646,0.109449365896823,0.0633484162895928,0.992091254752852,0.81,0.614086882844198,0.40399454181001,1.28506787330317,0.0121777838454141,0.125892050130182,0.00571454419348029,0.00764301936676339,NA,1.39533751197355,4.03633665471003,0.125149433836773,0.2085655931589,0.603713995000485,30.6666666666667
"Pseudopanurgus piercei",1,0.0099009900990099,0.00318471337579618,-0.996815286624204,0.95475113122172,1,1,1,0.00318471337579618,1.82352941176471,0,0,0.00393031975312365,0.000279585073199941,NA,0,1,0.0310056976270142,0.0432685682789031,0.133255391892139,1
"Pseudopanurgus porterae",2,0.0198019801980198,0.0462375848717805,-0.47688120756411,0.461538461538462,0.999666666666667,0.99,0.967956965357758,0.0410190225015431,1.74660633484163,0.00032423561443843,0,0.00417659298573626,0.0042662131126698,NA,0.142505867392738,1.15315984697923,0.035754525531052,0.130094636102184,0.377755726158952,2
"Pseudoscaeva diversifasciata",2,0.0198019801980198,0.00981181204876317,-0.495094093975618,0.606334841628959,0.99,0.99,0.703562363973514,0.00490590602438158,1.67873303167421,0.00234211411120531,0,0.00440276228099273,0.000536468714902027,NA,0.693147180559945,2,0.0620113952540283,0.11423453217583,0.143779907815399,3
"Ptilothrix sp. a",1,0.0099009900990099,0.1,-0.9,0.959276018099548,1,1,1,0.1,2.02262443438914,0,0,0.00337746147583004,0.000279005690715929,NA,0,1,0.0310056976270142,0.00137797988149373,0.652875839422751,1
"Scaeva affinis",12,0.118811881188119,0.862493588423843,-0.0114588676313464,0.14027149321267,0.95,0.89,0.29958819472695,0.0521545887614905,1.44343891402715,0.00423598850053145,0,0.00518681583788185,0.00272406939387688,NA,2.39920429620261,11.0144086860428,0.341509425259802,0.301800560378485,0.233197433927584,18.125
"Sphaerophoria sp. a",1,0.0099009900990099,0.024390243902439,-0.975609756097561,0.963800904977376,1,1,1,0.024390243902439,1.90950226244344,0,0,0.00363378667712071,0.000279263922541126,NA,0,1,0.0310056976270142,0.00564971751412429,0.440163757543623,1
"Sphecodes sp. a",8,0.0792079207920792,0.109208194111824,-0.111348975736022,0.212669683257919,0.97875,0.93,0.438178046004133,0.0161139062829862,1.32579185520362,0.0127552552977385,0,0.00557884261632641,0.00357195398314113,NA,1.80431353519078,6.07579919429655,0.188384392660815,0.276047953699876,0.20312423670963,12.5
"Sphecodes sp. b",16,0.158415841584158,1.15953744348765,0.00997109021797807,0.081447963800905,0.986911764705882,0.85,0.490640212959315,0.105513196772372,1.24434389140271,0.0230071736279094,0.0165054568510799,0.00585024577063418,0.00673713431852587,NA,1.84720685670089,6.34208042077824,0.196640627852857,0.28081825674135,0.343778262193502,22
"Spilomyia kahli",1,0.0099009900990099,0.0116279069767442,-0.988372093023256,0.968325791855204,1,1,1,0.0116279069767442,1.95927601809955,0,0,0.00355839691203522,0.000279139193214322,NA,0,1,0.0310056976270142,0.0118506269808461,0.328488848974088,1
"Stelis elegans",1,0.0099009900990099,0.00140845070422535,-0.998591549295775,0.972850678733032,1,1,1,0.00140845070422535,1.76470588235294,0,0,0.00411628117366786,0.000279494052515539,NA,0,1,0.0310056976270142,0.0978365715860548,0.0102593391120168,1
"Svastra machaerantherae",2,0.0198019801980198,0.0257986946066644,-0.487100652696668,0.610859728506787,0.99,0.99,0.703562363973514,0.0128993473033322,1.71945701357466,0.000691831402439143,0,0.00426706070383885,0.000538109436087108,NA,0.693147180559945,2,0.0620113952540283,0.103486289100179,0.224202624607022,3
"Svastra sp. a",1,0.0099009900990099,0.00140845070422535,-0.998591549295775,0.97737556561086,1,1,1,0.00140845070422535,1.76470588235294,0,0,0.00411628117366786,0.000279494052515539,NA,0,1,0.0310056976270142,0.0978365715860548,0.0102593391120168,1
"Syritta pipiens",1,0.0099009900990099,0.0116279069767442,-0.988372093023256,0.981900452488688,1,1,1,0.0116279069767442,1.95927601809955,0,0,0.00355839691203522,0.000279139193214322,NA,0,1,0.0310056976270142,0.0118506269808461,0.328488848974088,1
"Syrphus opinator",6,0.0594059405940594,0.109810994961754,-0.148364834173041,0.280542986425339,0.9825,0.95,0.464081782476372,0.0165473962301071,1.3710407239819,0.0050963013508886,0,0.00542806308615542,0.00225583318680291,NA,1.64173471218752,5.16412000863938,0.160117143497487,0.315657609580718,0.182051433419954,8.25
"Syrphus ribesii",9,0.0891089108910891,0.118240380511872,-0.0979732910542364,0.199095022624434,0.978,0.92,0.423526858652435,0.0178715173948319,1.28054298642534,0.0184571173793788,0,0.00572962214649739,0.0027268500910759,NA,1.92306578432415,6.84190214483349,0.212137949096327,0.341894033347113,0.186616485400037,30
"Syrphus sonorensis",5,0.0495049504950495,0.120114086248809,-0.175977182750238,0.32579185520362,0.992857142857143,0.96,0.618690373109019,0.0534394220431638,1.43891402714932,0.00890075155850208,0,0.00520189379089895,0.00208628965991462,NA,1.23426786607908,3.43586208845225,0.106531301002672,0.230191539203528,0.381815534766902,9.5
"Tetraloniella lippiae",1,0.0099009900990099,0.00884955752212389,-0.991150442477876,0.986425339366516,1,1,1,0.00884955752212389,1.93665158371041,0,0,0.00356342289637425,0.000279098119840752,NA,0,1,0.0310056976270142,0.0155711726608792,0.287326868706572,1
"Toxomerus marginatus",7,0.0693069306930693,0.172727214267694,-0.118181826533187,0.253393665158371,0.94,0.94,0.366450152525162,0.0246753163239563,1.49321266968326,0.00763785354393227,0,0.00502095835469377,0.00141831397896414,NA,1.94591014905531,7,0.217039883389099,0.190574617610583,0.265317066817446,28
"Triepeolus sp. a",10,0.099009900990099,1.87304481683548,0.0873044816835483,0.176470588235294,0.987272727272727,0.91,0.480399833472078,0.240698417333661,1.61990950226244,0.007150593797759,0.00592226853912879,0.00459877567021501,0.00353019076018956,NA,1.84468318111178,6.32609524641737,0.196144996370109,0.177759404712691,0.565779277174931,28
"Triepeolus sp. b",1,0.0099009900990099,0.0246913580246914,-0.975308641975309,0.678733031674208,1,1,1,0.0246913580246914,1.91402714932127,0,0,0.00363881266145975,0.000539736884680116,NA,0,1,0.0310056976270142,0.0111616370400992,0.441286918590138,1
"Triepeolus sp. c",1,0.0099009900990099,0.00131578947368421,-0.998684210526316,0.990950226244344,1,1,1,0.00131578947368421,1.68325791855204,0,0,0.00438768432797563,0.000279618371694073,NA,0,1,0.0310056976270142,0.104726470993523,0,1
"Volucella facialis",2,0.0198019801980198,0.0224242424242424,-0.488787878787879,0.615384615384615,0.99,0.99,0.703562363973514,0.0112121212121212,1.7737556561086,0.000393608082128125,0,0.00409617723631173,0.000539451769952707,NA,0.693147180559945,2,0.0620113952540283,0.025492627807634,0.31936694271603,3
"Xeromelecta californica",2,0.0198019801980198,0.0181454107747517,-0.490927294612624,0.529411764705882,0.995,0.99,0.74236858171067,0.0116507111546091,1.57466063348416,0.00275899805790781,0,0.004749555200386,0.000776991874763735,NA,0.636514168294813,1.88988157484231,0.058597096660426,0.119333057737357,0.253682559939164,2.5
"Xylocopa californica arizonensis",5,0.0495049504950495,0.186593605645935,-0.162681278870813,0.316742081447964,0.985,0.96,0.571547606649408,0.0691881890046469,1.61085972850679,0.004821408245103,0,0.00462893157624921,0.00262437636147841,NA,1.27464262571977,3.57742270276314,0.11092048660589,0.144384731982913,0.412202967542765,8
"Xylota sp. a",1,0.0099009900990099,0.00133868808567604,-0.998661311914324,0.995475113122172,1,1,1,0.00133868808567604,1.64253393665158,0,0,0.00452338590512952,0.000279781538459976,NA,0,1,0.0310056976270142,0.102935097147582,0.00260099802551275,1
"Xylota sp. b",3,0.0297029702970297,0.00508756758369115,-0.331637477472103,0.457013574660633,0.98,0.98,0.571547606649408,0.00169585586123038,1.43891402714932,0.00244284191434753,0,0.00520189379089895,0.000783943479127275,NA,1.09861228866811,3,0.0930170928810425,0.264296541270497,0.0275892733145831,6
"Xylota sp. c",1,0.0099009900990099,0.00131578947368421,-0.998684210526316,1,1,1,1,0.00131578947368421,1.68325791855204,0,0,0.00438768432797563,0.000279618371694073,NA,0,1,0.0310056976270142,0.104726470993523,0,1
"Achillea millefolium",21,0.0945945945945946,2.68503335989479,0.0802396838045138,0.19,0.986877828054299,0.909502262443439,0.319069729585927,1,1.23,0.0192846426013477,0,0.0113476086677779,0.00827799045037022,18.5455563333421,2.67567035275849,14.5220814947946,0.294732452914496,0.323846471841511,0.296567419442825,58.5
"Agastache pallidiflora neomexicana",8,0.036036036036036,0.549081358875602,-0.0563648301405497,0.44,0.992458521870287,0.968325791855204,0.455375758520328,1,1.41,0.00772300682094034,0,0.01019361456597,0.00467922899442359,6.36724075517539,1.808045719584,6.0985175654302,0.123772273406237,0.106242248863167,0.382658472700281,20.5
"Agastache pallidiflora pallidiflora",1,0.0045045045045045,0.0103092783505155,-0.989690721649485,0.89,1,1,1,1,1.72,0,0,0.00820618027952302,0.000395873373928156,134217776.500017,0,1,0.0202954688706396,0.0133664048504892,0.291140873650342,1
"Agoseris aurantiaca",6,0.027027027027027,0.272981386658101,-0.121169768890317,0.51,0.994241053064582,0.97737556561086,0.597581854140661,1,1.36,0.00567050591050546,0,0.0105141684831389,0.00670194247812133,2.50351216109079,1.2427678676393,3.46519139455189,0.0703276840789362,0.126674934545956,0.382795469636738,12
"Agoseris glauca",5,0.0225225225225225,0.0343972701802009,-0.19312054596396,0.59,0.990950226244344,0.981900452488688,0.467656782011861,1,1.4,0.00458964885204657,0,0.0102577253494038,0.00217463899737041,14.1163762322216,1.56071040904141,4.7622031559046,0.0966511459063234,0.158881080336227,0.182726241091137,13
"Allium cernuum",10,0.045045045045045,1.28975773334363,0.0289757733343626,0.37,0.99132730015083,0.959276018099548,0.452305531312545,1,1.32,0.0102835393756123,0,0.010770611616874,0.00840101314800095,4.67703046879793,1.84579918701884,6.33315914702525,0.128534434321257,0.207846611153763,0.322376151979099,16.25
"Allium geyeri",7,0.0315315315315315,0.819700174505105,-0.0257571179278422,0.49,0.990950226244344,0.972850678733032,0.426026102864331,1,1.56,0.00142969602561232,0,0.00923195281446339,0.00249143765990639,14.486496923443,1.83102048111352,6.24025146915571,0.126648829437213,0.190988011575031,0.318761556239004,22
"Androsace chamaejasme",2,0.00900900900900901,0.013997113997114,-0.493001443001443,0.77,0.995475113122172,0.995475113122172,0.70550517826667,1,1.55,0.000893892121135889,0,0.00929606359789717,0.000776773849665767,268435505.000009,0.693147180559945,2,0.0405909377412792,0.0400992145514675,0.219353651923149,3
"Arenaria lanuginosa",3,0.0135135135135135,0.0509587682104805,-0.316347077263173,0.7,0.995475113122172,0.990950226244344,0.610058969036074,1,1.52,0.00215156072722391,0,0.00948839594819849,0.00149941299175493,5.4525555311395,1.03972077083992,2.82842712474619,0.057404254663159,0.0362408708832851,0.355884498100548,5
"Calochortus gunnisonii",4,0.018018018018018,0.0501471225026568,-0.237463219374336,0.64,0.995475113122172,0.986425339366516,0.57473188712777,1,1.48,0.00327029549043749,0,0.00974483908193358,0.00217609041860747,5.24460493178456,1.242453324894,3.46410161513775,0.0703055664947607,0.0653162463828028,0.30978284840045,7
"Campanula parryi",1,0.0045045045045045,0.0625,-0.9375,0.88,1,1,1,1,2.01,0,0,0.00656067017138949,0.000775124153451204,0.795904853480872,0,1,0.0202954688706396,0.00440953562077994,0.564602341542896,1
"Campanula rotundifolia",41,0.184684684684685,8.63468626812897,0.186211860198267,0.04,0.985061674827992,0.819004524886878,0.335133483047544,1,1.06,0.0515828321363566,0.0294779477947795,0.0124374919861521,0.0184469481497784,12.5941163990535,2.62275237232979,13.7735814862233,0.279541294290863,0.257423318052677,0.560768835501815,55.7272727272727
"Castilleja austromontana",1,0.0045045045045045,0.00793650793650794,-0.992063492063492,0.9,1,1,1,1,1.62,0,0,0.00884728811386075,0.000396576512982961,134217776.500017,0,1,0.0202954688706396,0.017362546506821,0.250610020293822,1
"Castilleja miniata",2,0.00900900900900901,0.400475812846947,-0.299762093576527,0.74,0.99798893916541,0.995475113122172,0.756331101161782,1,1.68,0.000135434992648848,0,0.00846262341325811,0.00411000446541361,0.660107803983902,0.617241769730342,1.85380775496353,0.0376238975830126,0.015157778696431,0.64566789956514,2
"Cerastium nutans",14,0.0630630630630631,2.23770099473583,0.0884072139097019,0.28,0.993484162895928,0.941176470588235,0.451835110790686,1,1.28,0.0159538331598537,0.00727572757275728,0.0110270547506091,0.0112537220769443,5.68673434507232,2.05313438341681,7.79228688394175,0.158148115884133,0.135446386417185,0.469751329626874,18.1666666666667
"Cirsium arizonicum",3,0.0135135135135135,0.074593837535014,-0.308468720821662,0.69,0.996983408748115,0.990950226244344,0.661412173571379,1,1.62,0.0017345986167049,0,0.00884728811386075,0.00138094255139886,3.16655491100451,0.950270539233235,2.58640928985893,0.0524923892290651,0.035827476918837,0.417284601563619,4
"Cirsium neomexicanum",9,0.0405405405405405,0.530711621116496,-0.0521431532092783,0.39,0.994241053064582,0.963800904977376,0.484720379346532,1,1.39,0.00594349714116438,0,0.0103218361328375,0.00640455103095998,5.04309377745281,1.81016133241756,6.11143332501333,0.124034404802798,0.243566211933306,0.333718431461717,10.125
"Cirsium parryi",19,0.0855855855855856,4.02301207370229,0.15910589861591,0.2,0.993604246432301,0.918552036199095,0.507311486668002,1,1.15,0.026787796111451,0.0654065406540654,0.0118604949352481,0.0183107112123915,4.77206301877383,1.74330804376143,5.71622169189278,0.116013399405485,0.210548188944649,0.539969225121408,35
"Commelina dianthifolia",8,0.036036036036036,0.445800866351846,-0.0692748917060193,0.43,0.998229392091285,0.968325791855204,0.727412509705475,1,1.46,0.00371505499806202,0,0.00987306064880113,0.00768969039765926,3.42368592524903,1.10910453303801,3.03164244294654,0.0615286048277312,0.128643034311699,0.524720119797579,23
"Corydalis aurea",1,0.0045045045045045,0.0333333333333333,-0.966666666666667,0.91,1,1,1,1,1.91,0,0,0.0070308159165705,0.000395299986711616,134217776.500017,0,1,0.0202954688706396,0.00413393964448119,0.472978770497863,1
"Cosmos parviflorus",5,0.0225225225225225,1.64174372777084,0.128348745554167,0.56,0.992458521870287,0.981900452488688,0.496594739039419,1,1.62,0.00203452111930413,0,0.00884728811386075,0.00216721207212341,5.70511385211326,1.49417513828931,4.45565973351251,0.0904297034196655,0.0887419043681962,0.559807543640724,9.5
"Cymopterus lemmonii",40,0.18018018018018,6.41226513705256,0.135306628426314,0.05,0.961990950226244,0.823529411764706,0.236669876313458,1,1.16,0.0266029877116957,0,0.0117963841518143,0.0166729759556894,15.5546834539587,3.11066998283876,22.4360711489915,0.455350583583813,0.368913800028732,0.338889542858131,150.25
"Dodecatheon pulchellum",8,0.036036036036036,1.40912077843359,0.0511400973041984,0.45,0.979638009049774,0.968325791855204,0.369603448034812,1,1.49,0.00303651066002848,0,0.00968072829849981,0.0030999382613799,13.1934640786877,2.01981499249295,7.53693041596068,0.152965536637307,0.10762022874466,0.438404724156642,12.1666666666667
"Drymaria leptophylla",3,0.0135135135135135,0.0789959394610557,-0.307001353512981,0.71,0.995475113122172,0.990950226244344,0.610058969036074,1,1.54,0.00133034111461339,0,0.00936017438133094,0.00149802209759162,5.4525555311395,1.03972077083992,2.82842712474619,0.057404254663159,0.0376188507647788,0.361048843794518,5
"Echeandia flavescens",3,0.0135135135135135,0.30316742081448,-0.232277526395173,0.73,0.990950226244344,0.990950226244344,0.57473188712777,1,1.81,0.000167970322665819,0,0.00767192375090824,0.000753632025815972,536870956.16667,1.09861228866811,3,0.0608864066119188,0.0135042028386386,0.532988871666409,6
"Eremogone fendleri",37,0.166666666666667,5.76255401796702,0.128717676161271,0.06,0.986773407587887,0.83710407239819,0.290866204503552,1,1.1,0.0357825212767042,0,0.012181048852417,0.0157307704234869,15.5105054660657,3.05651402796866,21.2533393300645,0.431346486770464,0.378063641055154,0.311806436827664,42
"Erigeron arizonicus",4,0.018018018018018,0.229270960246346,-0.192682259938413,0.62,0.993966817496229,0.986425339366516,0.550438671928272,1,1.58,0.000890022083846042,0,0.00910373124759585,0.00217484918047779,3.87837451962527,1.27703425946614,3.58598882705695,0.0727793246099958,0.105002066969822,0.293926454821246,6
"Erigeron divergens",13,0.0585585585585586,4.499652231304,0.269204017792615,0.32,0.986425339366516,0.945701357466063,0.333159834183417,1,1.45,0.00342357185760342,0,0.0099371714322349,0.0042282534313869,16.0987175495072,2.38542864127748,10.863718305142,0.220484256681407,0.0865371365578063,0.521936594426474,26.5
"Erigeron flagellaris",28,0.126126126126126,6.40863379418124,0.19316549264933,0.12,0.981900452488688,0.877828054298643,0.293285338182392,1,1.24,0.0203018497156848,0,0.0112834978843441,0.0118143310881175,16.2062848319099,2.84097487590612,17.132459420493,0.347711296846111,0.332208901750034,0.3325611373952,100.25
"Erigeron formosissimus",26,0.117117117117117,3.19312207322934,0.0843508489703591,0.13,0.997457088366179,0.886877828054299,0.647180763608631,1,1.18,0.0174926747510196,0,0.0116681625849468,0.0169961840143291,8.16551044932149,1.63657078921139,5.13752162578168,0.10426841022829,0.305598754131206,0.427078983606772,179
"Erigeron speciosus",14,0.0630630630630631,0.666086841007347,-0.0238509399280467,0.29,0.994972347913524,0.941176470588235,0.498691585955698,1,1.27,0.015265003472099,0,0.0110911655340428,0.0083740001062958,8.00692988121637,1.97661125101349,7.2182406867279,0.14649757915827,0.214540588760036,0.30857457116574,22
"Erigeron subtrinervis",71,0.31981981981982,24.0129697223262,0.324126334117271,0.01,0.99144916814342,0.683257918552036,0.37862556127604,1,1.07,0.0468046173220472,0.145214521452145,0.0123733812027183,0.0209778774453774,19.1617225717559,2.75483308583415,15.7184170573596,0.319012644083373,0.442215864174699,0.399253376580606,123.545454545455
"Erigeron tracyi",22,0.0990990990990991,4.50623491899628,0.159374314499831,0.17,0.989253393665158,0.904977375565611,0.379658411506139,1,1.28,0.0126918020414778,0,0.0110270547506091,0.0123858242115869,9.93734603836099,2.41371671781521,11.1754199343916,0.226810387394769,0.206252966484467,0.412940549340453,37.125
"Erodium cicutarium",1,0.0045045045045045,0.00318471337579618,-0.996815286624204,0.92,1,1,1,1,1.69,0,0,0.00839851262982434,0.000395424190350677,134217776.500017,0,1,0.0202954688706396,0.0432685682789031,0.109121929629514,1
"Erysimum capitatum",34,0.153153153153153,6.46776984564788,0.160816760166114,0.08,0.984162895927602,0.850678733031674,0.301992572745807,1,1.08,0.0429601137495208,0,0.0123092704192845,0.0152200930775542,14.0466536881819,2.89858469360646,18.1484415789646,0.368331131116498,0.409825570713334,0.270856271197843,50.9
"Gaura coccinea",4,0.018018018018018,1.18637254901961,0.046593137254902,0.65,0.986425339366516,0.986425339366516,0.496594739039419,1,1.66,0.000914722512736973,0,0.00859084498012566,0.000774734699849729,2147483650,1.38629436111989,4,0.0811818754825584,0.0378944467410776,0.550044877501303,10
"Gentiana affinis",4,0.018018018018018,0.0883088857895789,-0.227922778552605,0.63,0.996606334841629,0.986425339366516,0.620471403963167,1,1.52,0.00741567834282422,0,0.00948839594819849,0.00248233644959311,3.87837451962527,1.15374194270109,3.17003282492367,0.0643373025171441,0.0927380460245281,0.373619484703165,7
"Gentiana parryi",15,0.0675675675675676,0.831396414431074,-0.0112402390379284,0.27,0.987933634992459,0.936651583710407,0.334217194488116,1,1.21,0.0180238646521064,0,0.0114758302346455,0.00542175235140023,20.756839446539,2.47635401983067,11.8978060768513,0.241471552861642,0.205557017049369,0.356698166987407,51
"Gentianopsis detonsa",8,0.036036036036036,1.11198228810103,0.0139977860126291,0.46,0.989441930618401,0.968325791855204,0.395220312006638,1,1.36,0.00874065388789729,0,0.0105141684831389,0.00274004703391185,18.5682683277798,1.97300140639361,7.19223093324864,0.145969699016199,0.161085848146617,0.335175546223592,29
"Geranium caespitosum",11,0.0495495495495495,0.308629227298022,-0.0628518884274525,0.35,0.995475113122172,0.95475113122172,0.529112181135763,1,1.3,0.0111617329428302,0,0.0108988331837415,0.00794815851201662,5.92566039869034,1.77618965018486,5.907304583758,0.119891516289047,0.153644756786551,0.382602805005149,17
"Geranium richardsonii",9,0.0405405405405405,1.37075273837504,0.0411947487083381,0.4,0.994570135746606,0.963800904977376,0.50282474955849,1,1.46,0.00332460306544309,0,0.00987306064880113,0.00589844361017547,5.6853719830432,1.74479133236063,5.72470678972761,0.116185608444456,0.0677966101694915,0.504457783813944,24
"Geranium viscosissimum",9,0.0405405405405405,1.38345723428632,0.0426063593651469,0.38,0.997856632531555,0.963800904977376,0.687104010824965,1,1.26,0.0122397986974906,0,0.0111552763174766,0.00695461332578715,4.59275246808516,1.28468183284369,3.61351807153014,0.0733380435342337,0.121562432331345,0.48758643235064,33.5
"Glandularia bipinnatifida",21,0.0945945945945946,4.33874626573566,0.158987917415984,0.18,0.987659399424105,0.909502262443439,0.341735272610895,1,1.27,0.0159986143155064,0,0.0110911655340428,0.00643858950505756,17.2654507519573,2.57794063403502,13.1699883877505,0.267291089350275,0.225575306600524,0.437054553990264,165.5
"Helianthella parryi",11,0.0495495495495495,4.3281148756803,0.302555897789118,0.36,0.992760180995475,0.95475113122172,0.451123942601137,1,1.51,0.00392276627056973,0,0.00955250673163226,0.00360471455742177,7.1933266361795,1.95634156823876,7.07340211278784,0.143558012389602,0.105706956678432,0.715764221978371,23.25
"Helianthus ciliaris",1,0.0045045045045045,0.00606060606060606,-0.993939393939394,0.93,1,1,1,1,1.73,0,0,0.00814206949608924,0.000395293894659902,134217776.500017,0,1,0.0202954688706396,0.0227366680446465,0.208825199050665,1
"Heliomeris multiflora nevadensis",8,0.036036036036036,1.32991587931467,0.0412394849143343,0.42,0.990950226244344,0.968325791855204,0.454655135539883,1,1.44,0.00699649070897804,0.00742574257425743,0.0100012822156687,0.00697478459142948,3.35868732661454,1.74862126858354,5.74667409145733,0.116631445132883,0.123429416112343,0.581312333510414,12.5
"Heracleum sphondylium",2,0.00900900900900901,0.042989417989418,-0.478505291005291,0.78,0.995475113122172,0.995475113122172,0.70550517826667,1,1.69,0.000400407094852941,0,0.00839851262982434,0.000775950973299851,268435505.000009,0.693147180559945,2,0.0405909377412792,0.0268706076891277,0.338891927360193,3
"Hesperidanthus linearifolius",14,0.0630630630630631,1.45574105459051,0.0325529324707505,0.3,0.991402714932127,0.941176470588235,0.4077746646392,1,1.22,0.023138123276908,0.00742574257425743,0.0114117194512117,0.00673850167374349,10.6504168254993,2.20020516742266,9.02686532815419,0.183204464267009,0.141931927793854,0.498540019697762,39
"Heterotheca pumila",15,0.0675675675675676,0.542701525023861,-0.0304865649984093,0.26,0.99224305106658,0.936651583710407,0.445652537780137,1,1.18,0.020117480155942,0,0.0116681625849468,0.0111496953648887,6.63467698234883,2.03939392866165,7.68594955325055,0.155989949899303,0.277089996591313,0.34126369896894,25.6666666666667
"Holodiscus dumosus",1,0.0045045045045045,0.05,-0.95,0.94,1,1,1,1,1.9,0,0,0.00709492670000427,0.000395973717118462,134217776.500017,0,1,0.0202954688706396,0.00275595976298746,0.535806267939647,1
"Hymenopappus newberryi",52,0.234234234234234,11.1128556411162,0.194477993098389,0.03,0.988492744577937,0.769230769230769,0.361767668136787,1,1.09,0.0331237442845664,0.0220522052205221,0.0122451596358508,0.0195237592153662,15.765058191829,2.56632876376272,13.0179446555555,0.264205290516536,0.380081049356825,0.357188886821917,129.785714285714
"Hymenoxys hoopesii",53,0.238738738738739,19.2250378650256,0.343868638962748,0.02,0.991926182237601,0.764705882352941,0.409775825553905,1,1.17,0.0361941056371726,0.0822082208220822,0.0117322733683806,0.0201565815322193,13.2510702257716,2.52745273564021,12.521569730399,0.254131128674857,0.365650455024483,0.532348782009236,86.3333333333333
"Hymenoxys richardsonii",22,0.0990990990990991,1.39167313079567,0.0178033241270757,0.16,0.993678466861858,0.904977375565611,0.513687852615453,1,1.23,0.0159724099816572,0,0.0113476086677779,0.0167933985689801,6.8530793396871,1.87803000811029,6.54060721906078,0.132744690209529,0.309200086905725,0.324333770716332,47
"Hypericum scouleri",2,0.00900900900900901,0.0371428571428571,-0.481428571428571,0.75,0.997737556561086,0.995475113122172,0.744005708795951,1,1.71,0.000214107753580956,0,0.00827029106295679,0.00114183463506914,2.62230229845195,0.636514168294813,1.88988157484231,0.0383560326714074,0.0264572137246796,0.348123940192958,2.5
"Ipomoea plummerae",2,0.00900900900900901,0.0415411106328024,-0.479229444683599,0.76,0.997737556561086,0.995475113122172,0.744005708795951,1,1.73,0.00028299895552524,0,0.00814206949608924,0.0011364335939933,2.62230229845195,0.636514168294813,1.88988157484231,0.0383560326714074,0.0202563042579578,0.385007797579516,2.5
"Ipomopsis aggregata",1,0.0045045045045045,0.0238095238095238,-0.976190476190476,0.85,1,1,1,1,1.62,0,0,0.00884728811386075,0.0011589319099984,0.5252543404995,0,1,0.0202954688706396,0.017362546506821,0.409221590738028,1
"Iris missouriensis",25,0.112612612612613,10.6574767762973,0.386299071051891,0.14,0.99106334841629,0.891402714932127,0.378088726551406,1,1.31,0.0129468826602295,0,0.0108347224003077,0.00872483056273816,9.65311328712363,2.50399529246158,12.2312639472942,0.248239236690885,0.119185996018912,0.741749875180715,45.1666666666667
"Leucanthemum vulgare",5,0.0225225225225225,0.238405510959287,-0.152318897808143,0.58,0.993966817496229,0.981900452488688,0.51184149476496,1,1.5,0.00232571750059838,0,0.00961661751506603,0.00217463750446426,7.8243628497743,1.47507631105469,4.37136934400712,0.0887189904433647,0.108033622709108,0.28249079121901,11
"Linum lewisii",30,0.135135135135135,1.67646512357459,0.0225488374524863,0.11,0.979788838612368,0.868778280542986,0.302795002879848,1,1.1,0.0326515821093937,0,0.012181048852417,0.0127932767458656,17.0510228668664,2.83077598954559,16.9586154282435,0.344183051513064,0.369780901198842,0.258023819770733,50.6428571428571
"Linum neomexicanum",3,0.0135135135135135,0.0896458035295249,-0.303451398823492,0.68,0.9960407239819,0.990950226244344,0.668128111557953,1,1.58,0.00223452688079656,0,0.00910373124759585,0.0044949131458216,1.12765032210636,0.882310924515076,2.4164775561647,0.04904354501774,0.0942538238941712,0.349603830044653,3
"Lithospermum multiflorum",1,0.0045045045045045,0.00425531914893617,-0.995744680851064,0.95,1,1,1,1,1.72,0,0,0.00820618027952302,0.000395547400806606,134217776.500017,0,1,0.0202954688706396,0.0323825272151027,0.154028082654181,1
"Lupinus palmeri",19,0.0855855855855856,2.25774183875714,0.0661969388819545,0.21,0.987766046589576,0.918552036199095,0.426043568396409,1,1.24,0.0184767777711097,0,0.0112834978843441,0.013732289465704,6.95075150233521,2.08708122476135,8.06135151933738,0.163608908815995,0.244550089568692,0.403601899724446,35.6666666666667
"Mertensia ciliata",2,0.00900900900900901,0.02806484295846,-0.48596757852077,0.79,0.995475113122172,0.995475113122172,0.70550517826667,1,1.69,0.000327686069538499,0,0.00839851262982434,0.000774837130590149,268435505.000009,0.693147180559945,2,0.0405909377412792,0.0381700427173763,0.277847573141572,3
"Mimulus guttatus",4,0.018018018018018,0.0657527851323178,-0.233561803716921,0.66,0.986425339366516,0.986425339366516,0.496594739039419,1,1.43,0.00525047242783853,0,0.0100653929991024,0.00146826586085343,2147483650,1.38629436111989,4,0.0811818754825584,0.0414771944329613,0.328718302427231,10
"Mirabilis oblongifolia",17,0.0765765765765766,1.92343193050396,0.0543195253237621,0.24,0.995901989242722,0.927601809954751,0.550996993187189,1,1.24,0.0166251700655675,0.0144014401440144,0.0112834978843441,0.0142892664661011,5.85298293656173,1.7849540207951,5.95930593713452,0.120946908137731,0.156160593322664,0.593592858875535,30.5
"Monarda citriodora austromontana",11,0.0495495495495495,1.20494033498953,0.0186309395445028,0.34,0.998657872536238,0.95475113122172,0.780266002087421,1,1.22,0.0190413962270084,0.0275277527752775,0.0114117194512117,0.0167153759872009,2.71708155430354,0.906014511357487,2.47444099859596,0.0502199402592387,0.124196516142629,0.584031864663245,32
"Monardella odoratissima",24,0.108108108108108,2.67546253756939,0.0698109390653914,0.15,0.987912973408541,0.895927601809955,0.390774682115744,1,1.12,0.0284127768859087,0,0.0120528272855494,0.0177664444991364,6.38094035957101,2.28810041218179,9.8561971751023,0.200036142950175,0.450150549443769,0.263016173203144,34.6666666666667
"Oenothera elata",5,0.0225225225225225,0.0506643412757169,-0.189867131744857,0.6,0.990950226244344,0.981900452488688,0.467656782011861,1,1.39,0.0072992309800987,0,0.0103218361328375,0.0014986949465075,14.1163762322216,1.56071040904141,4.7622031559046,0.0966511459063234,0.125533967204079,0.233568718239178,13
"Orthocarpus luteus",1,0.0045045045045045,0.0280373831775701,-0.97196261682243,0.86,1,1,1,1,1.86,0,0,0.00735136983373937,0.00114695219592149,0.5252543404995,0,1,0.0202954688706396,0.0147443847319829,0.435057086117826,1
"Oxalis alpina",2,0.00900900900900901,0.0431103948428687,-0.478444802578566,0.8,0.995475113122172,0.995475113122172,0.70550517826667,1,1.7,0.000103560702927727,0,0.00833440184639056,0.000776945339473687,268435505.000009,0.693147180559945,2,0.0405909377412792,0.0147443847319829,0.38623693402943,3
"Oxalis decaphylla",1,0.0045045045045045,0.015625,-0.984375,0.96,1,1,1,1,1.85,0,0,0.00737274009488396,0.000395307216266425,134217776.500017,0,1,0.0202954688706396,0.00881907124155987,0.355574102295493,1
"Oxypolis fendleri",6,0.027027027027027,3.73947430736443,0.456579051227405,0.5,0.999321266968326,0.97737556561086,0.871718430577303,1,1.65,0.000144298331769901,0,0.00865495576355943,0.0118264891890664,1.57896264282257,0.573350772149064,1.77420204928152,0.036008262461418,0.0702350354380478,0.871124106659303,10.5
"Oxytropis lambertii",12,0.0540540540540541,1.75575817569515,0.0629798479745962,0.33,0.990396158463385,0.950226244343891,0.497749162146732,1,1.4,0.0136236212618131,0.0141014101410141,0.0102577253494038,0.0153401467663231,3.04939993837716,1.61792154107811,5.0425985830079,0.102341902568568,0.128824907391646,0.647720158880859,18.25
"Pennellia longifolia",5,0.0225225225225225,0.338784526934133,-0.132243094613173,0.57,0.992458521870287,0.981900452488688,0.496594739039419,1,1.49,0.00254022376203957,0,0.00968072829849981,0.0024816159810916,5.70511385211326,1.49417513828931,4.45565973351251,0.0904297034196655,0.133250654540444,0.325111180933448,9.5
"Penstemon barbatus",6,0.027027027027027,0.777172434571028,-0.0371379275714954,0.53,0.991855203619909,0.97737556561086,0.491407374657486,1,1.38,0.00665834479211239,0,0.0103859469162713,0.00447242904769471,3.97758840404873,1.56915294620312,4.80257842807095,0.0974705809857193,0.0669698222405953,0.446795529292569,10.5
"Penstemon pinifolius",1,0.0045045045045045,0.00793650793650794,-0.992063492063492,0.97,1,1,1,1,1.62,0,0,0.00884728811386075,0.000396576512982961,134217776.500017,0,1,0.0202954688706396,0.017362546506821,0.250610020293822,1
"Penstemon pseudoparvus",16,0.0720720720720721,3.96330647880205,0.185206654925128,0.25,0.981900452488688,0.932126696832579,0.321654377339309,1,1.25,0.0149615653719257,0,0.0112193871009104,0.00762168197223238,9.88391771467071,2.48191120232933,11.9641084130145,0.242817189861292,0.235496761747278,0.349548433347558,20.9
"Penstemon strictus",17,0.0765765765765766,2.49795832749619,0.0881151957350702,0.23,0.991742081447964,0.927601809954751,0.444495061620144,1,1.22,0.0165747629280674,0.0108760876087609,0.0114117194512117,0.0137001654543985,5.55401861106564,2.00091134695558,7.39579316214574,0.150101089896018,0.255751846554014,0.489224482728349,21.9
"Phacelia heterophylla",5,0.0225225225225225,0.134864966844784,-0.173027006631043,0.55,0.997531879884821,0.981900452488688,0.676583411683734,1,1.4,0.00486896632859729,0,0.0102577253494038,0.00526392448447919,2.38722383403927,1.08776129306878,2.96762299226908,0.0602293000593914,0.197310507501885,0.400350146072715,8
"Polygonum bistortoides",1,0.0045045045045045,0.00595238095238095,-0.994047619047619,0.98,1,1,1,1,1.72,0,0,0.00820618027952302,0.000395703252677449,134217776.500017,0,1,0.0202954688706396,0.0231500620090947,0.206033201451521,1
"Potentilla fruticosa",35,0.157657657657658,5.21704636916701,0.120487039119057,0.07,0.985381134702402,0.846153846153846,0.288920082299755,1,1.15,0.0221099973546835,0,0.0118604949352481,0.0138297443571857,17.7203511221379,2.97363821635247,19.5629645767855,0.397039538585576,0.255015220414146,0.419175792917702,85
"Potentilla hippiana",80,0.36036036036036,19.8793789453232,0.23599223681654,0,0.979300330924563,0.642533936651584,0.264278185861335,1,1.04,0.0510833971743785,0.432943294329433,0.0125657135530196,0.0215828383665501,22.7053012626181,3.25417070619739,25.8981284686617,0.525614660143549,0.574078040147361,0.238034535709564,148.0625
"Prunella vulgaris",1,0.0045045045045045,0.038961038961039,-0.961038961038961,0.87,1,1,1,1,1.85,0,0,0.00737274009488396,0.00114671153063669,0.5252543404995,0,1,0.0202954688706396,0.0106104450875017,0.48706273352973,1
"Psacalium decompositum",19,0.0855855855855856,7.9142291276685,0.363906796193079,0.22,0.994796380090498,0.918552036199095,0.495636555031695,1,1.47,0.00336910112586531,0.0145514551455146,0.00980894986536735,0.0115615783119107,7.54816867712074,2.0287602710821,7.60465280447089,0.154339994265161,0.182688086242313,0.520193184639929,35.6666666666667
"Rudbeckia hirta",2,0.00900900900900901,0.0162024470706143,-0.491898776464693,0.81,0.995475113122172,0.995475113122172,0.70550517826667,1,1.68,0.000632515473667564,0,0.00846262341325811,0.000776056751309713,268435505.000009,0.693147180559945,2,0.0405909377412792,0.0534656194019567,0.208253451324506,3
"Senecio eremophilus",4,0.018018018018018,0.0921559373339379,-0.226961015666516,0.61,0.989819004524887,0.986425339366516,0.501063155224009,1,1.48,0.00400015172542922,0,0.00974483908193358,0.0042147033521844,1.97415179372731,1.37781950803903,3.96624382901068,0.0804967781650527,0.115336916081025,0.299821509833576,4
"Sisyrinchium longipes",1,0.0045045045045045,0.05,-0.95,0.99,1,1,1,1,1.9,0,0,0.00709492670000427,0.000395973717118462,134217776.500017,0,1,0.0202954688706396,0.00275595976298746,0.535806267939647,1
"Solidago multiradiata",30,0.135135135135135,8.03121735656329,0.234373911885443,0.1,0.995795774396979,0.868778280542986,0.543400940053067,1,1.18,0.0169136608453061,0.00795079507950795,0.0116681625849468,0.0180168381585309,8.97434138868603,1.94725277035837,7.00940466115786,0.142259154102246,0.239064323538427,0.475458057022574,72.6666666666667
"Stevia serrata",1,0.0045045045045045,0.04,-0.96,1,1,1,1,1,1.93,0,0,0.00694533487199214,0.000394804729945615,134217776.500017,0,1,0.0202954688706396,0.00344494970373433,0.501229801015632,1
"Taraxacum officinale",7,0.0315315315315315,0.187734216999523,-0.116037969000068,0.47,0.990950226244344,0.972850678733032,0.490943623062405,1,1.4,0.0100187967558566,0,0.0102577253494038,0.00448003648768713,5.10871456705395,1.63509159281281,5.12992784003009,0.104114290785958,0.142483119746452,0.318768546497396,17
"Tetraneuris acaulis",3,0.0135135135135135,0.135999056381222,-0.288000314539593,0.72,0.995475113122172,0.990950226244344,0.610058969036074,1,1.79,9.01107015936019e-05,0,0.0077574047954866,0.00149728391831456,5.4525555311395,1.03972077083992,2.82842712474619,0.057404254663159,0.0278351936061734,0.476743962594566,5
"Townsendia grandiflora",4,0.018018018018018,0.0236303307998429,-0.244092417300039,0.67,0.986425339366516,0.986425339366516,0.496594739039419,1,1.5,0.00278054239914391,0,0.00961661751506603,0.00149413871376635,2147483650,1.38629436111989,4,0.0811818754825584,0.111478572412843,0.168765767762628,10
"Tragopogon pratensis",2,0.00900900900900901,0.0633074935400517,-0.468346253229974,0.82,0.995475113122172,0.995475113122172,0.70550517826667,1,1.79,3.47234055368823e-05,0,0.0077574047954866,0.000776209437843725,268435505.000009,0.693147180559945,2,0.0405909377412792,0.0202563042579578,0.391469061063546,3
"Trifolium pinetorum",8,0.036036036036036,1.05192406985654,0.00649050873206742,0.41,0.995192307692308,0.968325791855204,0.608260780806891,1,1.32,0.010333873940744,0.0145514551455146,0.010770611616874,0.00954289273584896,2.38332851127696,1.2486197022758,3.48552856843046,0.0707404365583054,0.20018915905646,0.462956546953634,16
"Trifolium pratense",7,0.0315315315315315,1.5433610821569,0.0776230117366993,0.48,0.989441930618401,0.972850678733032,0.419868542236949,1,1.33,0.00724259053942313,0,0.0107065008334402,0.00217533199634716,10.3631440118459,1.83437197028162,6.26120069029541,0.127074003702718,0.0970097836571586,0.500099387552584,19.5
"Trifolium repens",2,0.00900900900900901,0.00970488445041931,-0.49514755777479,0.83,0.995475113122172,0.995475113122172,0.70550517826667,1,1.65,0.000185702991749741,0,0.00865495576355943,0.000776094153156886,268435505.000009,0.693147180559945,2,0.0405909377412792,0.104450875017225,0.115428304579433,3
"Verbascum thapsus",13,0.0585585585585586,0.526917462040617,-0.0363909644584141,0.31,0.984917043740573,0.945701357466063,0.338162384010677,1,1.26,0.0131281297739657,0,0.0111552763174766,0.00647690844952446,10.3467569401882,2.34461752997487,10.4292830764762,0.211667190021712,0.246123106602644,0.294577651157231,21.1666666666667
"Verbena hastata",2,0.00900900900900901,0.00475951652540248,-0.497620241737299,0.84,0.995475113122172,0.995475113122172,0.70550517826667,1,1.61,0.000451734076160285,0,0.00891139889729452,0.000777388837010531,268435505.000009,0.693147180559945,2,0.0405909377412792,0.130770290753755,0.0418403180259408,3
"Vicia americana",6,0.027027027027027,0.34966622843763,-0.108388961927062,0.52,0.997215454229029,0.97737556561086,0.645658146455635,1,1.47,0.0045461051832737,0,0.00980894986536735,0.00429711702768588,2.80621793483194,1.23373801514608,3.43404207592929,0.0696954940524894,0.0863993385696569,0.544199343720312,10.5
"Vicia pulchella",31,0.13963963963964,4.14117215426113,0.101328134008424,0.09,0.994884024295789,0.864253393665158,0.508613391460161,1,1.15,0.0373633693976667,0.0966096609660966,0.0118604949352481,0.0206737409719765,7.43728288263913,2.04414163495169,7.72252694493911,0.156732305213687,0.374040548733147,0.399688875007749,33.25
"Viguiera multiflora",6,0.027027027027027,0.473228158912054,-0.087795306847991,0.54,0.97737556561086,0.97737556561086,0.403603676397787,1,1.52,0.00253128926221182,0,0.00948839594819849,0.00183913078591811,1073741869.66667,1.79175946922805,6,0.121772813223838,0.134490836433788,0.361369420171502,21
